zink|5320
httpscorwzlunyi|1197
enjoy|3131
shouldn|3457
fight|442
princess|4957
timcast|3661
needlessli|4984
morfeuwhit|4495
hydrocloroquinin|4816
null|6706
httpscohuvlifr|3036
dumber|2717
jodotcom|3406
favor|3662
bombshel|5362
billionair|2459
transmissioninfectionhospitalizationdeath|6304
star|220
worship|3161
registri|5937
plan|1804
gullibl|335
katunew|3595
theoriginalbouk|6641
clue|1262
includ|629
franci|2793
msnbc|1615
overdos|2426
sugar|3388
ankl|6690
retracted|2894
treatmentü§î|5051
locat|782
adott|6253
wellbutrin|2427
gregkellyusa|4647
underground|4754
recomend|4782
actually|5745
houston|5246
doihavtasay|559
dat|3741
caught|2871
centr|649
gastrointestin|5106
central|3242
gbazov|5034
pedwardsphil|4469
httpscoptefuqvoy|5440
minion|5482
strongrob|4772
instanc|759
fun|1599
firefighterg|4917
üòÅüòÅüòÅ|5294
agai|2742
gnew|6007
qualud|4387
mhragovuk|3571
deform|5048
httpscoldlaqasphc|5736
statu|6051
stromectol|1283
httpscomeuqvxstm|3229
caitoz|4453
debat|1579
httpscomkzqzlncyi|4478
httpscogqdewaj|4752
divis|5452
azithr|1825
covo|5938
jesyq|3405
ctbergstrom|3984
httpscoqpjifurga|6089
httpscomyfegmuhl|5364
wizepenguin|1754
where|3666
httpsconcqgcavcpa|2104
httpscoeicnogba|4265
gay|2144
cheer|4757
moder|739
pot|3049
azgop|5344
agenc|854
fore|2597
wutüòÇ|5511
a|816
uk|1424
httpscozoenhjuh|1881
httpscobkvzpqwnf|5101
twist|4040
lcukact|6488
articl|2392
rtheatheist|1162
efficaci|878
dismantl|5830
submit|5858
subsid|1885
juliebolg|4613
imagin|2855
jeanthorp|1777
nut|4330
elit|6433
elon|451
cardiotox|3837
httpscobjytsscstr|5139
pedophil|6427
shanlonwu|916
insurrect|1040
davidpickardco|1660
aarongleeman|4649
caus|754
obtain|3313
silli|6183
iainmuladi|1731
tumer|4363
prioriti|6412
apologist|3046
üëâ|1695
ronfilipkowski|955
httpscomkgylmov|3216
chuckl|6769
bitch|3872
httpscomemyuqifz|3685
httpscowsqennifb|3299
httpscogzonqbxmw|6575
normornstein|6544
sever|616
oral|3248
kcalmol|2937
crazi|1776
reillyoreilli|3398
behrendsmech|3506
kayleen|1500
johnson|2651
mtg|5221
uncoverdc|2431
energyvampir|5912
free|112
dub|3805
tread|5453
emilyvirginok|5071
fiveday|5562
rob|5561
describ|223
cbcnewsish|3019
gcsurf|171
doctorspharmacist|6380
convict|6592
armour|4829
el|3648
identifi|1895
alcinnamongirl|4171
thicken|2424
dishonest|5357
collabor|4206
httpscoxrjicsexl|5976
ultraviolet|5699
lie|30
chronic|6418
beg|4546
gecko|4545
drive|4922
hydrocloriquin|5102
fish|6087
mengel|1252
laptop|751
happened|5124
httpscomtsbbv|1537
cultist|3942
marker|4671
main|5303
httpscozjpchmuo|6310
droletdavid|5477
benedictevan|742
anthelmint|6773
rate|82
pharma|1234
earn|5041
masonpelt|5570
flu|61
afletch|2760
employe|260
dumbest|4311
faulti|1334
virtu|2983
sinslikeaboss|4332
mktg|4502
idiot|1405
lake|104
sexual|3355
letsconnect|3099
thepeinst|4576
spoonsterboss|4257
karilak|1608
pant|4300
doctorsscientistp|4924
lizziesuspend|6316
mullaca|1442
httpscozcyotvr|4302
divest|5524
suicid|2192
mdbreath|532
conserv|2376
galat|2516
project|5503
sallyjiggl|1736
team|2125
rmdsvr|2316
httpscozlfmkvc|3592
surprisingli|5569
educ|1613
bentley|3987
lier|4804
campnclutch|5842
deal|1929
kari|2024
martin|5909
tootsbeanzinga|4580
theyr|1540
ü§∑‚Äç‚ôÇÔ∏èüò°|6546
britain|2283
gaetanjobin|5119
merissa|3801
larryblaz|5946
sadiqkhan|5914
longlong|2985
season|317
megadeath|5775
bootsndiamond|4673
harder|2563
chief|5629
activ|2413
kadiri|3621
rawstori|5576
ouchhh|773
name|1060
agp|4661
httpscogvvsxbvmx|6334
yeah|1544
dawnmmonaghan|6647
outsmart|4367
courag|4938
emeg|6050
garlic|3703
realshock|4234
httpsconpmuxlejr|4684
goos|6186
attorney|6368
bud|1821
hang|3695
httpscombuaym|2201
gatoram|4187
ü§∑üèª‚Äç‚ôÄÔ∏è|2671
term|570
omicron|2746
mayb|638
sulphat|4419
x|2723
subject|144
reveal|2500
observ|575
donutmindm|4239
contribut|1067
httpscoappywvvj|5391
httpscokuupsifbfq|4404
kilonovagold|5226
therealdrewr|6189
nc|4989
laurenboebert|3233
askdrdrew|3330
suit|3482
httpscostqs|4994
lulubirdyy|6529
borisjohnson|3566
httpscolrmrgukg|3722
partyan|5049
‚Å¶nih‚Å©|2124
aswel|4942
potu|2806
yep|960
httpscorofsckrg|5662
httpscozjwxsnold|4341
drcalifffda|3413
cccounti|6407
buster|1428
sequenc|3598
httpscoywlpkqiz|3548
chedca|145
st|2308
enzym|1426
antimalari|5560
advers|1620
advis|1865
recognis|2958
ab|6239
johnbe|1159
tribun|2955
dingleberryü§¶üèø‚Äç‚ôÇÔ∏è|644
chaser|5205
httpscoigtlmgcpd|4621
jimbowersclimb|3743
becom|3370
assembl|6548
like|836
olgatokariuk|3892
zithromax|4521
ghhshirley|2449
samum|1187
drdavidsamadi|2506
predict|5142
catalishu|4172
httpscowpysreg|4291
drug|123
disappear|3614
outright|4971
sativa|2110
sulfat|6710
connect|5131
minist|3356
surpass|5827
watermelon|1651
hoard|4955
httpscovqumu|5374
angiemari|3193
shillman|528
üí∞|4418
wet|1456
carlsmyth|1126
bank|1570
bio|2018
podcast|3123
interestingli|6436
biospac|4373
burton|2769
hdq|5402
life|516
httpscotpfgbvw|3309
hydroxycholorquin|1676
httpscozkjsdzxep|4614
httpscokzeiagxh|6344
court|4197
rememb|1969
httpscojftomgnqu|5543
posit|125
trackerbaz|6604
nitazoxanid|5275
httpscoyestgsxx|4718
andrea|5711
jodi|4228
kansa|6094
hq|3617
httpscohaggpekh|1209
argument|651
juri|4568
otc|1484
allergex|2644
merck|196
impact|3443
sort|2377
arrestfauci|64
üíä|1699
labandadelpqu|5722
breast|4797
expert|2681
ear|4766
dewormeramongst|44
dad|543
bhavik|3018
sameerzuberi|1336
repli|348
skepticalprun|4241
licma|4388
cautiou|3173
tertianship|4244
politics|3990
maxmilleroh|6583
sanfrancisco|6601
waltika|1300
jdvanc|1446
rural|3808
tough|4092
rct|1431
setti|5495
degre|3353
believ|10
scooterx|1422
craig|3048
sh|6221
httpscogffswqmj|4873
biolab|795
stat|6049
benzionjohannon|897
confus|484
cannula|3787
look|349
paradox|2044
dozen|2761
angietheplumb|4736
imperi|5877
annual|922
histori|562
httpscovhblkmrgax|2297
piec|4126
drank|6572
celliott|5285
oldglorycri|4735
laser|1048
thailand|2267
sourc|1964
versiondoesn|5514
lauriegarrett|3698
bloke|6574
ionophor|1063
repurpos|1385
coof|4607
lysol|5025
animals|5116
pop|3699
vaxcer|3931
curb|4085
üí∞üí∞üí∞|1580
joshmcgoo|3714
busi|5533
piratekidd|2904
floweri|4846
boss|4138
round|3253
httpscoslymiwclat|2458
barbietrump|4075
httpscojzhtmlkc|5200
selfapprov|3944
fine|749
fatemperor|6193
briantylercohen|3463
screw|1871
recipi|4860
iver|4353
hunterslaptop|4340
assum|1019
law|224
smell|1210
analog|3852
pill|299
cmall|5835
velasco|6120
anxieti|4053
grandma|2203
refut|4320
unmask|6122
fauci|101
edwinja|1021
httpscokvkqvmlia|2591
gum|3580
mph|4593
shed|4852
unreal|2691
rise|5181
paxlovid|292
platinumari|636
wth|4627
qanon|2132
punish|6135
mcfunni|1134
passion|3427
garyruskin|4310
addi|4670
httpscobzvfpnunz|2741
rent|5660
plenti|1505
thi|2347
remark|3975
adequ|5122
math|6293
sammi|4235
chrisk|996
publish|3597
filtrat|6580
httpscoohpvyluirt|6031
dearauntcrabbi|4357
httpscouwkmfffk|2770
liabl|4115
mail|5891
mfg|4014
clam|5808
ivermectinhcq|4629
happi|497
inbreeding|4516
bankster|5481
whamla|5854
stage|1963
crucial|3889
telemedicin|6096
william|6367
near|1465
hydroxi|1477
profitdoctor|4270
short|1915
dandylion|4780
unwil|1058
vandelaytweet|4976
rick|4441
soul|5499
surviv|1916
simpl|1375
dystopian|747
arena|5803
maskless|5304
procedur|5747
intraven|3243
hospitalis|5587
httpscohmoqglr|1791
realitychk|2612
safer|934
httpscouomqdg|2604
vitcdquercetin|3751
govuk|3569
endem|6376
stxmom|4097
mondai|5923
safe|707
singl|2032
emalinedelapaix|4128
durabl|4591
roughcountri|2174
remain|980
clueless|1769
reach|3965
melatoninvit|4362
httpscoxmfwrodzyh|5754
scarpaleggialsl|1331
colingbooth|4997
fluorid|5138
tomato|6728
conduct|593
realfrosst|4560
expensivepat|3189
sucki|4887
metabolit|5738
chaga|1438
httpscobaxqpxtu|5467
elizabeth|4951
httpsconasqri|4485
owe|5380
traveleat|1891
nuremberg|1257
med|1301
analogu|3307
rheumat|3761
educationweek|6489
vers|5054
henryparson|5902
stephenmacvean|2941
grumpycop|6505
bother|2992
genemapp|2902
call|180
rang|621
sick|1473
ringworm|5044
billi|4314
theipap|1026
mein|1202
path|4947
ploy|4500
cherri|261
melrosecov|3549
remedi|3656
httpscofdsmusm|315
attent|6446
teri|2541
isn|2130
chrisrbarron|2617
hopr|2950
mellisabelk|2030
feb|766
sabotag|2963
post|548
khaoskylemus|5726
wfjr|5526
withdrawn|3521
httpscostwxjskwx|3603
simoro|4562
stay|554
elonmusk|37
claus|3440
neurodis|4004
relabel|5478
grant|1361
tatereev|1323
aw|1701
seth|3858
francoislegault|1332
ctvnew|2474
issielapowski|3314
outsid|787
jackposobiec|3259
httpscobrjnstfv|237
gs|4664
suspici|6590
eighth|3083
until|3167
pizzagat|4842
tweet|2332
coxashton|6537
sister|5427
tom|6136
interf|3468
melissajonesto|5164
molnupiravir|490
magalen|2171
‚Å¶drkalai‚Å©|2126
httpscoibhkbucen|6508
stretch|1815
charact|3523
si|6677
outbreakjak|6036
mortal|230
wq|1541
noxios|4323
board|832
httpscogvxtgwg|6033
tryingmypati|4259
deem|3246
narrit|6325
fave|6309
grail|5649
stigma|2745
disinformationboard|6594
oversea|5356
httpscomfdrydrwga|502
combatprincess|4944
littlegoatcr|5890
diarrhea|6059
httpscoatqvyr|2051
poultri|3120
crack|1650
proudliber|3675
ctnanzca|3000
clot|561
spacecadet|5407
httpscofctzfrjdi|5614
lockdown|733
im|2399
croup|4296
memo|4637
right|4631
zinkivermectin|5322
ttlboat|5618
moot|4164
reput|3139
freespeech|3776
cheryla|2995
salvador|3643
httpscogntmpgrqi|5565
ray|6652
httpscochidbjkx|178
annemain|2350
drugscom|2359
sharpermatt|2237
üëá|4432
comment|1680
medico|3520
temporarili|2675
httpscohnsqwsxf|6782
robot|2930
els|2509
typic|2368
martha|3814
candid|5182
dealt|1031
baonao|6355
disord|6713
dimens|1211
littleannrphan|2951
liter|1667
silent|865
peni|1896
leader|2765
idol|5996
doctorkarl|912
httpscodntympdn|2572
denounc|4836
matthewbroud|4499
wave|716
marilyncapp|4173
mailonlin|4554
stir|3431
ground|3266
medriva|5301
prescribefil|6377
guv|5399
httpscopsoern|162
remdesivirdi|394
leocfreeman|566
shawnmenard|5305
plummet|5043
httpscoidizyjvv|2749
rand|2657
base|136
geoffmiami|3716
probal|5707
tree|6421
cordlezach|6584
üöç|329
httpscocayiodnba|6196
health|727
benjamin|4006
kfcbarstool|6410
credibl|1864
nutzo|4717
collus|962
httpscorbuokobxv|3691
ope|5773
httpscodimkboak|6543
levelsamp|3759
amaz|2263
fairyviewroad|2771
httpscollcjliaa|2501
ivermectinfunni|5056
clear|4778
indefens|4154
jasonbailey|2613
buddi|2194
bag|2568
pig|2402
yonkojohn|4703
type|440
moron|2783
stillwat|5069
uttar|590
sioux|3557
httpscovopjikvpd|5686
covimectin|360
withdrew|3616
httpscodlmarhj|3968
httpscoyszjgxj|4761
mizdefi|4402
brianavach|4081
sanpen|5137
dalyjam|5717
purchas|1722
pediatr|1715
miracul|910
sniffl|1668
andreasconv|5559
enemi|1237
bar|2539
beyond|2796
antimask|2826
simil|2815
offic|3476
fortun|3477
holder|5939
five|1112
collignonpet|6126
qurqurqo|6202
demand|597
mpcxett|4230
kringleklau|5719
soft|2547
¬£|3178
shaughnessi|5627
leftist|1936
steril|1486
treatment|39
caroljsroth|2698
hunchooo|4531
politic|1854
httpscokpwfotw|5575
greg|2750
appoint|3032
bukituki|4841
bounti|5653
underestim|2385
nyulagon|3386
admiregreg|5733
httpscojwipenr|6785
beckyjohnson|262
üá¨üáß‚úå|2147
ü§ß|2642
sanit|1207
mydisabledlifeisworthi|4152
oheiricandream|5311
preval|6320
phenomin|4941
drinkprim|5972
human|194
girl|1840
jasonkillmey|3659
httpscowerncirvo|6378
floridian|5087
ü§∑üèª‚Äç‚ôÇÔ∏è|3832
shit|1285
guarante|3225
provinc|3620
lock|228
fewer|2021
rogain|4149
kellymo|662
httpscotnqmzpbon|4933
soonergrunt|5026
httpscohsrunqdj|6112
big|1572
covd|2608
httpscoaajhon|4805
jasetd|5392
devil|1277
quit|3740
subscript|3160
trumper|5894
equip|6718
govbillle|219
wrote|1773
wrap|5678
goplead|5954
hollow|5727
gabriel|2134
eye|1116
tell|311
nearli|3027
cll|5023
wall|3220
isi|3184
simufilam|4720
üá™üáπborn|2318
dwuhlfelderlaw|5522
bacteri|4069
losangel|355
pinch|2641
give|496
nope|2092
lc|5058
adderal|4168
mediamatt|5068
steal|4694
saskatchewan|5622
vote|831
faucci|4118
make|767
psychopath|3279
barelyrepress|3176
sddphoto|5111
search|889
hydrox|2680
‚Å¶cdcgov‚Å©|3846
jamesmelvil|413
tinfoil|1106
unhealthytruth|2060
citadelblock|6462
laugh|4610
httpscohshobtbpo|4934
capabl|1998
jer|4800
gonna|2205
nationwid|2707
breakfast|4767
age|856
address|5532
healthysaneb|146
httpscomvpntdizip|3325
tylenol|4116
andrewlazaru|4227
wreck|6742
sale|1179
ema|1371
obfusc|3823
drbenlovel|5815
stuck|3928
nerv|4854
donotcompli|3491
obes|6703
wormwood|1441
byobbioiv|6760
detractor|3268
substanc|5994
dynam|3303
stomach|4728
hope|100
track|3511
meant|3070
ministri|418
glennyoungkin|2921
cmaj|4981
üòÜ|6287
dont|4117
httpscoddiwik|6394
bullshit|1852
covidian|4888
get|1103
chrisjohnsonmd|1147
williamdamon|2721
gunshot|5230
antiinflammatori|5376
alexthomp|5439
giant|6506
compani|265
microbiomdigest|4719
davelovesgolf|20
turner|5870
cipro|1846
recal|4646
stand|6032
continu|951
relentless|2954
cofound|3375
swarr|5981
httpscoiprswv|6360
kateyhagaman|235
ead|4948
antibparasit|4120
noxiou|4325
michel|1166
annastaciamp|1471
alijmold|6199
cocoabutteri|5003
lepapillonblu|2085
saltywav|5639
zellin|4134
sweetfnlucif|5615
odyseeteam|5487
encount|2627
equal|4348
httpscournsddfg|5215
gaslight|3082
kbradfo|3393
unpack|6322
detrick|6347
infect|1028
inflat|2527
oleand|4167
censor|1671
trialsitenew|4935
httpscoizzpgb|4219
elsewher|1935
determin|521
shortag|2738
solut|1461
rigor|4114
xtrixcyclex|1455
httpscotpmihutc|1577
defin|6249
meme|3300
tomilahren|6116
killer|438
put|1387
fleck|3820
fairli|5547
mizzesb|5756
rickcogley|2251
httpscoyqvlexsr|706
httpscoitnibgzl|1855
uninform|2634
explan|5081
katiehobb|6398
credenti|5249
httpscotnwdp|5352
space|4956
fame|5945
song|4582
kinda|4398
genuin|5298
cricket|1940
owner|4051
httpscowtajbpjhwi|1594
polar|2178
mcollough|4952
hc|2574
constantli|3163
httpscojtsgszddr|4473
illegitim|4701
gtcancer|4360
rival|2575
nilikm|6018
contain|844
gatfieldmatt|231
premierimprov|4236
sircu|6146
handl|2594
variant|361
benjohnsonjnr|5600
moderatecertainti|3199
resort|1870
skullsplitterr|3540
convers|3660
allard|6364
pharmaci|309
richykirsh|4245
httpscoeijwspgyn|6662
truther|4017
triolog|2664
partisan|2135
frequent|4275
thrown|3582
gmacbeth|5632
httpscoppwjhactf|6288
samiamsamh|3320
httpscodnlfvnqep|4058
profkarolsikora|2581
gloriou|5267
loophol|5417
roof|4463
kfcaudel|2235
rxrcist|3899
week|214
browningneelyn|1155
choke|4547
standinarylif|877
incred|3137
mikkirwright|5134
barf|5781
underli|6010
unacceptab|6354
spiritu|2343
np|3076
req|332
httpscoiyucdpmk|5492
unsaf|4093
corona|3594
cullen|6098
associ|245
georgeanno|2703
predictor|3799
laboratori|5519
mab|4889
robbieje|3816
onset|609
seed|2118
rumbl|5855
abt|2743
vent|3141
befir|1924
easier|620
httpscobhijiow|3774
hijack|6053
cleaner|6084
dietchees|1875
bc|1661
hero|2163
antibodi|508
httpscofqubivlmz|6160
nah|1448
hubbi|4466
carawienek|670
bring|2653
bp|6704
air|1194
httpscoyxpjtdvir|2525
daughterlaw|4424
drone|5425
adamski|351
ppe|2964
senjeb|5001
pleb|5568
overblown|5125
wane|6211
httpscocvxdnfeoyi|6533
cytokin|6726
antbeexrp|2603
httpscolcquyvlmf|5378
agent|3450
sedat|5608
ff|1480
landlpm|277
format|1879
nockit|4224
getherhom|2351
riddl|3615
suggest|888
nurseri|3919
holi|2342
note|3278
reduct|3200
remot|4286
mabh|3358
outperform|3071
fauciliedmillionsdi|5201
perfectli|6256
leav|2244
wspecial|3604
seanhann|3925
liquid|6581
danger|140
pete|2956
üòä|6579
drdrew|3328
peaceflowersoul|894
offcyndisc|5418
green|116
stfu|3081
vac|3654
inflammatori|1993
ellawil|2077
nwo|1080
reservoir|4669
l|6676
uncertain|879
tamiflu|3973
episod|4706
delusion|1664
mix|2940
httpsconkoerck|1287
assess|3332
sti|1271
cherylscotian|4356
own|1358
neilstweet|1738
withhold|98
httpscouataksqt|2908
investor|3978
üôèüèªüôèüèª|885
spectrum|6205
destroy|2519
wiserasiwrit|3489
cspanwj|1670
httpscotjpcdekpd|4335
nazifi|5431
impot|3922
vindic|2557
weakmind|5596
jjchami|1962
friggg|2477
ive|4015
genocid|1365
httpscohbcsivtkm|4890
inject|699
spreader|5443
willard|4258
jfradioshow|222
aterecki|4182
weekend|1225
mchooyah|6233
httpscoaeibgycfh|3368
üôÑ|1012
ntvchk|2180
wilsonmoira|2401
robertkennedyjr|3684
bhoolunga|1214
httpscondzikzzu|3264
shock|404
httpscofhknpsjmuj|983
anon|3589
studi|142
simplesarahbear|3013
httpscoorzhvdt|5588
thebradfordfil|2690
lib|725
parent|1041
cut|3502
httpscoxiezkjlx|5216
mgoomus|1932
norway|2598
mrwittyfox|5732
ve|708
httpscoejxmmelxf|2561
nypost|793
author|693
httpscojfcqhubz|5539
httpscoxvxqbwzun|1868
httpscomykumoci|2674
hydroxycloroquin|5287
httpscouairwykisa|5607
httpscogiadmkhtf|6285
zombi|3401
webmd|4199
renal|580
httpscogqpwcevfa|6284
signal|583
share|550
elliemaygottasa|4771
richmond|4915
httpscowhnlknnxfb|5254
cattl|5328
jingleal|5834
goebbel|5236
\|2232
httpscowymljwxo|6090
nbcnew|5079
ivermectinüòÇüòÇ|3775
alafenamid|4898
angl|1545
store|619
provax|2825
httpscokduezth|4616
jimjordan|2379
wide|2358
terrymb|4427
httpscobtxmuhml|216
rig|2129
utter|6099
bloomberg|5217
usaproud|4125
httpscozbrxtiyihm|6391
carriema|3240
tompain|3940
aren|5088
wow|1831
ikasimir|3086
cat|1105
httpscotalsjvh|1743
hiebin|18
routin|3150
capsizenuis|4141
bluenail|3168
keatingrachel|6286
krimmlerab|979
vagina|4910
viru|444
tbey|1543
stash|5373
tulsigabbard|6048
decept|4293
thelexbrook|625
patient|127
chanc|1958
bloodi|1074
octob|1925
kennedi|3138
mad|2834
imo|3205
advil|1996
woop|6016
mud|5359
truthinnumb|1146
barryjohnreid|1148
oil|1437
foxmagastan|6315
invest|1312
httpscotncdrulyk|4869
women|2084
return|3763
bhavdhillon|5366
httpscoqpzzjloa|5664
hh|2095
embarrass|4940
bonu|3734
kcush|5429
httpscopgepwguyvg|5666
inocul|4574
patriottak|6479
slow|2961
marvinmilton|3719
tonybaduy|4253
ryangerritsen|6467
rachaelkatz|4454
httpscohzaurbmd|6245
questaci|1686
specifi|3492
crgevn|4308
confid|4283
mekanick|4991
beggsi|2274
kept|1839
piss|3425
akheriati|2947
donat|5792
natsechobbyist|5426
verifi|3924
droz|3256
interact|4192
ogilvil|4260
dinner|2759
subvari|4264
gunderthecov|6738
fgov|4010
demon|2858
httpscomcdnhsik|5518
punch|2537
tee|4540
dittohead|6499
wasnt|2900
cheapestmedshop|363
quash|455
ü§∑üèΩ|1056
congressman|5887
examin|1180
dysfnctn|2311
prescriptionivermectin|2623
manipul|1195
httpscocumdwolm|4620
rube|3162
emerald|3318
tlr|6712
rebelnewsonlin|1353
kesslepuff|6015
pierrepoilievr|1355
httpscofpvmuvhuv|3469
noavrep|5822
tune|3651
quercitin|6238
shyvanaspet|5404
explain|83
cdcfund|2391
magamuslim|232
collud|3605
immigr|2528
qr|718
account|786
factor|1066
suspended|3834
carlson|5876
thehil|3939
expressioney|5884
respect|2177
nashland|6004
httpscoowxquvbd|2679
clarif|5354
theusasing|4036
cq|6714
jdanwoodal|4992
ranmaotherhalf|1656
üá®üá¶|376
proprietari|2732
listen|1792
misrepres|4598
toxicologist|5932
camay|6739
pertin|1907
penanc|4150
jasper|263
mindlessmurica|5512
stormi|6430
unavail|1114
keen|6265
httpsconzskaa|3701
charg|3116
phizer|3618
angel|6329
beb|6660
actbrigitt|926
patriotrob|3218
nihcovidtxguid|4821
igorstanc|4565
england|2774
mucu|3817
wotk|5046
grapefruitlemon|5968
lamedicalassn|2054
improv|949
coronavirus|5761
cult|1933
bleachivermectinhydroxychloroquin|6294
diamondandsilk|1954
regardless|1592
durat|2009
cpsoca|2486
hmm|6232
ceo|3967
hanan|2131
s|4064
democraci|6500
üê∑|2400
httpscoiekqhjxz|3498
funeralbag|3527
j|965
nigella|3186
liketephlon|3689
rodger|5315
balanc|6064
annettegh|3647
gem|1598
misus|2419
coz|2832
secupp|4449
dailymailuk|1638
pjbuckhault|884
mainstreammedia|2233
umm|5515
httpscoahzzuaz|4413
chriscosetta|5224
lizfvaughan|5839
unravel|3304
data|81
wholemarsblog|5136
again|1617
glennbeck|1515
sandmann|4600
branch|4693
smear|57
mistergoodgod|2909
httpscojsdgh|5172
charliekirk|1710
googl|1810
content|748
tannerkraus|3732
accur|4315
httpscochhqlop|4831
httpscopmtligrj|2361
campaign|2026
refil|6477
zenpancak|6481
cov|297
argu|3630
httpscojzipowpl|6108
oklahoma|5231
citi|5416
fvckyourfear|4221
ostrac|5423
ingraham|839
male|1894
thousand|281
properli|481
drhoenderkamp|2582
b|4011
doubleblind|2883
antiviru|3098
oprah|5099
httpscobpnjbfjvb|2453
compromis|2766
michellesdud|2089
potenc|3578
pass|545
extinct|5520
nonexpert|2639
httpscoveygaouqsc|3781
rx|3760
except|272
specif|3144
mechan|1698
wdaynew|2204
vascular|402
overload|2564
outlet|4194
pusher|1552
garrettbridg|4022
httpscobgsjqybrc|4859
allen|6389
zoruabel|5329
charm|3826
soo|6013
sarscov|1691
hr|4396
invent|2319
martakoz|3280
character|6510
jeffrey|3213
ration|6781
up|1934
cherijacobu|3224
jonathanhannah|4243
start|208
bedtimeopinion|1010
noromectin|540
üòÜüòÇüòá|6077
sledgehamm|6339
prepar|1704
ludicr|2660
drericd|3517
bmj|2897
saltaovladimir|1149
relief|5225
jeffreyc|1654
ring|1388
especi|1494
eleighdl|5283
justic|695
littl|846
heroin|3030
enabl|3516
jeremyryansl|5836
balm|6210
respir|5654
httpscogtxwhcuqx|5086
steroids|5132
httpscoudkhgrt|1884
goodrx|5458
floriankramm|6267
laud|4760
dustina|4808
aoc|3103
bogu|1576
terribl|5466
come|9
iainaclark|2505
persuas|4304
knee|6230
üò∑|1690
twice|1841
injuri|2175
medic|191
wgnnew|5940
ritalin|2508
phweber|1036
mayor|5073
gyve|4611
üíü‚ú®üôè|2446
neverzleep|6550
sayin|757
httpscogoujlgfp|5428
cours|17
peep|2387
notright|3611
pharmaceut|939
flashcapad|6687
assassin|2569
challeng|5032
quarter|4374
bullchit|1496
httpscolatjcvp|4156
extremist|4147
jv|6142
httpscoipndzezc|5457
weird|3818
brazil|3288
httpscotseggblhdx|5238
doggiemomx|4810
bwahahaha|2856
ironfiremaniuo|4972
doubt|1228
httpscoshhyjkj|5295
champagnewitch|270
satan|6699
mi|6776
headlin|6504
selenium|3750
sassygirld|1136
httpscohuwiutdsg|2336
madison|1749
score|2935
colemama|2872
natur|862
rd|2429
robkimbel|2445
sigallab|3179
th|1407
craigkellymp|2875
price|463
montierrichard|6536
johnmckn|2911
httpscomzmantt|5553
ashley|3860
congress|1495
magat|4412
research|192
decis|993
bastard|4288
healey|5794
rev|1644
chimera|4246
found|195
direct|3418
jimrenacci|6379
chrisinwai|1458
chang|160
vxd|2088
enigma|2945
holiday|2061
suddenli|1107
approx|1931
‚úùÔ∏èüôè‚ù§Ô∏è|3715
taminantz|5558
suspend|2673
ecw|3058
magamari|2200
globalnew|2184
allergi|1188
bureaucrat|729
paul|1555
mainlin|5033
perman|6271
sajidjavid|2373
musica|5757
catherinejclark|2352
fordnat|1605
dschlopesisback|2616
februari|3612
patriotflip|1819
line|1307
mortician|3033
patrol|4602
butterfli|4730
httpscopqpupjw|3080
donaldjtrumpjr|920
poor|3558
suscept|2661
neilwmccab|226
globalist|2152
joe|2197
let|4007
lazi|2383
leaker|3857
dankellyvo|5211
pump|124
importantli|886
dolo|1205
wendyor|1122
jimeeliberti|4218
sideeffect|3686
import|2814
einstein|3731
conflat|4803
üö´stop|1366
knock|5983
compet|6365
matthewhootonnz|549
valenjoy|5750
approach|5213
yehhh|3010
donni|1763
httpscoarthrqhq|6216
jayr|602
httpsconttnapqrh|6141
proven|1273
vaccinessavel|5824
bee|6651
allow|534
whcommsdir|1913
mari|2877
orthdc|3458
basi|764
asknabl|1325
regard|1867
video|3170
ivermectin|1
coverup|4452
boleh|2002
daili|5193
wuhanampgilead|397
supplement|1995
httpscofnszxhxqn|4025
utopia|2277
hydroxychloroquin|105
hunter|752
jasonflorida|2302
religi|339
cur|1807
nahi|1200
ü§îü§£|3105
spell|3042
httpscolsiwfkqkpw|5403
coronaviru|1087
httpscospclalm|4715
bottom|4832
depriv|4518
httpscosrkfecuekp|6408
jeanettejpp|2895
milo|3936
tonytardio|3907
synthes|2558
ü§¶‚Äç‚ôÇÔ∏è|5525
candicebergenmp|1351
hydroxicloroquin|1757
peerreview|2394
govmikehuckabe|4747
httpscopnxhdymhx|4858
oxharryh|472
patentslol|6290
dysfunct|4372
cop|5282
watchthewat|4758
üêéü™±üíâ|2073
thepatrickrollo|4506
hydroxychloriqyin|2183
httpscoxwbwfgqay|3735
provaxtexan|4250
valuabl|5286
catalogu|6203
ingredi|2415
rat|4205
georgia|6336
ü§¶‚Äç‚ôÄÔ∏è|2071
today|2404
vaxd|4572
weren|2139
urg|3930
improp|4151
bluvedbyhim|1176
acutem|5814
voter|1393
experiment|1256
senwarren|2714
drrisbo|6444
brown|6153
horsewithnona|607
social|812
differ|654
mondaimann|5924
accord|1249
statist|571
submiss|1937
httpscoghtfvbxhz|5318
scaraboffici|5507
reproduct|3211
freddiekevin|5094
consult|3222
gut|4908
western|591
attack|3190
glarriuz|1007
cheap|280
lean|6014
walk|4285
eric|1377
httpscogcdwrfgn|6272
hep|5047
hydroxychoriquinquercetin|3610
dumbass|3157
vacx|6321
plain|2643
opiod|4411
entertain|1533
edward|908
tedlieu|474
ghost|4961
coviddrug|936
thebadstat|5579
theoret|6526
flsurgeongen|6164
batch|6393
deserv|1938
gladli|5508
aspect|1447
pennydaflo|3239
scientificjourn|4936
deworm|283
cavefir|3152
httpscorsgirxwt|3756
rehears|3400
warrant|5243
border|801
httpscoejwhlicom|2893
retract|2914
honest|1352
swing|5704
httpscopybhquz|5903
tin|6161
badlegaltak|77
httpscoaqzamlfhhf|5670
httpscorcchuroy|1713
accus|3986
httpscostonidqv|4159
httpscokvzgttgdm|4322
toxic|480
updat|1657
httpscosrwtvpcm|3113
underdevelop|6022
baseless|6182
mouthüê¥|6276
didn|430
remind|730
infantil|3771
blood|389
proscrib|1983
viperx|4317
httpscommdvmtca|577
dawai|3479
experiencesdatastatist|4921
g|2275
default|2910
unclegari|3251
lupu|1411
tourplayercoff|6620
paxlovidforal|3177
jgademski|735
pennyfarringt|1173
slight|6331
creativeamanda|426
industri|3258
factsnotfear|5825
monoclon|505
tomorrow|4389
brutal|6747
bile|5913
permeat|1206
httpscojmivysdvxm|3290
üò±ü§Ø|5734
nonsens|2218
creator|2514
kuldkeppmart|1655
lift|4755
climat|2471
üòÇüòÇ|2208
encourag|3122
afford|3645
antivaxxer|4774
reinstal|5185
justin|1354
‚ò†Ô∏è|170
thedemocrat|4458
ivermectinday|1241
pierr|3637
fdaapprov|3446
drasifqasim|5178
dilig|5944
toll|6709
skin|1719
joerogan|4381
johnstrangerusa|2162
httpscorxezzvzdn|2306
httpscomhtqvo|6296
resp|2313
straight|2079
delight|6484
proxi|2991
farmer|5327
kurtschlicht|4417
satur|2292
blakandblack|6757
lopinavir|2013
util|1723
thedailysledg|1849
violenc|1450
method|2864
rosacea|1240
bubbl|5953
virusesimmun|6259
school|1759
sided|4835
exagger|5574
worldwid|2099
paulcroftii|3447
arrest|103
systemat|147
highburyhawk|895
tomwatson|1451
propens|2869
measl|4225
‚¨áÔ∏è|4013
usmc|6170
roccogalatilaw|1349
thalofidvnt|4875
ukgovtgoogl|1071
ecm|1712
hous|3518
wear|556
httpscowecegziz|3642
ü§¨|5586
realtim|4874
aderid|1631
tio|5093
ziverdokit|3097
whatev|1960
ip|4361
idea|257
aarbaer|1869
httpscoipmevbnh|1386
realis|1878
üõëdeni|507
disast|3641
tablet|1720
frantic|4210
email|2503
httpscokdjtxvcp|6532
karnel|5804
persuad|6619
leftism|334
slewisia|2560
decembernov|6119
dissent|4034
primarili|527
httpscoibkkicfi|5974
cvd|4133
familiar|5506
üôã‚Äç‚ôÇÔ∏èmild|5821
chemic|5691
jonhinson|6300
vp|3194
instant|1293
prosecut|3780
munawar|2538
ac|5700
repmeij|859
practic|2610
httpscogmnyhfdwd|3316
spiritwind|5564
hear|529
httpscoidgvajcyd|5763
superlif|6079
adult|3564
lost|1662
httpscopbeaiwuxss|1682
treat|51
pelosi|5671
word|1645
bcca|6415
sydneylwatson|1524
emcrit|6456
jdvancepress|2090
pier|5905
ianisinterest|6113
httpscocwncvpjop|5791
wavechas|4883
disclos|940
quhwaji|2127
outcom|783
pr|959
bkindbu|3488
jlvandelay|969
covidcrit|4048
demokkkrat|419
shonki|6056
barrel|5846
httpscodqkpybnd|1435
keyston|4008
misteraeteach|797
temphi|5796
conclus|238
rohan|1990
tfg|1561
jenner|3340
wuhan|2523
mushroom|5332
melisafranzen|6423
cow|5107
cool|3203
poison|168
sampeaceamerica|3868
coteymari|4636
dpirat|4222
httpsconodtcun|891
complaint|5084
nih|478
coma|4195
nycoruna|5510
attach|3087
taught|3486
rodent|6246
labor|726
ode|3935
carneysgt|5096
hollowlegktchn|5028
itn|2536
nejm|1306
cousin|2944
highschool|3623
breath|1989
jhanqt|1133
httpscohyuzrfjjt|6569
isnt|2974
httpscofmraymc|5155
tppw|1639
play|1263
see|3094
draseemmalhotra|2580
gracienunyabiz|4089
markpoloncarz|1018
hilari|1532
miser|2590
overtli|5655
iu|2112
trend|60
version|2579
shelv|4101
httpscolwuvlyjxvc|5594
inhibitor|3531
squad|5281
interferon|2012
mickeymarch|6017
rpsagainsttrump|3833
mcgkg|5531
synthet|4856
boy|2142
biotech|1626
üòé|1818
phillypharmaboy|1248
possess|2860
darlen|3525
httpscotpogcxemd|5464
darpa|5753
samstein|5437
virginia|2922
‚Å¶cdcdirector‚Å©|3841
ca|2488
attenu|6683
etc|1376
cbccalgari|5414
hail|3791
unseri|4977
tgagovau|1942
httpscojpfakktzax|5758
spread|447
hive|6062
twatter|2390
victoria|6152
manner|2629
inconsist|3567
thedepopulationagendaisr|4146
pbguy|411
bobbieannr|4337
neilaxelrod|5979
beatonpar|3287
nothin|1167
mooneyalexj|6523
scientist|3493
jfk|630
hydrocloroquin|1550
deriv|4817
pharmacologist|4996
wakcedout|5202
deckard|4216
httpscokhimu|5527
httpscopowdwjkzc|2121
ivloveforev|3572
testneg|4397
livefr|1121
bed|3947
üéâüéâüéâüéâüéâüíØüíØüíØüíØüëèüëèüëèüëèüôèüèºüôèüèºüôèüèº|5647
httpscojhuzjwtxxd|6534
stevenlimcl|2296
httpscoffksmv|5074
lillymaunakea|5117
collect|2838
janetyackl|4643
bajillion|5620
pliabil|758
storiesofinjuri|3683
aol|5375
fpwellman|3255
ect|864
fraud|1395
micsolana|5367
contrari|3671
regul|4420
jr|573
molecul|3576
close|1317
dutywarn|3828
lack|648
guest|2663
qldhealth|1469
origin|906
waltontfrost|4974
techniqu|1082
opioid|1399
yield|582
mistletoeldn|4366
imperialistsecret|4569
epp|6653
slap|5648
unequivoc|6666
mymeganlov|399
thefr|435
ill|2058
httpscolrlxzqbrn|2946
httpscontkhxjdgoz|5395
insur|5222
produc|941
httpscocmtmpicbd|5643
svgm|4765
usminitru|1808
httpscoffzfcun|3778
putin|3678
httpscoaaxxzog|6768
asshol|1746
downstream|6227
ontario|3882
suzanneleavey|612
putinsmel|5845
ladder|3214
troymat|1850
outpati|1922
cover|2520
funer|3723
kfanrosen|6242
diari|3861
ultra|6557
benshapiro|3663
chicomdnc|4212
script|3790
smhopkin|6042
leghorn|3121
meryl|2264
shiraovid|1673
bare|1665
gerarddelaney|4470
chri|5173
heart|565
race|2797
eadmundhodgson|4749
httpscoqfkrskyb|5129
kinght|4826
remdesivircapt|3045
insulin|3456
sicklescharli|4798
horribl|2850
tea|1174
prise|5799
hypotens|6060
quack|830
soolantra|4793
sarcoidosi|6779
ahead|1558
ratesound|5158
eroc|3813
mojorid|2779
speech|1672
breed|3298
httpscohhxpnwsmui|5572
maker|3430
money|278
safeguard|538
accept|3095
popul|657
iansmithfit|6672
requir|2370
overwhelm|2915
celebr|4493
ü§Ø|6701
process|198
tomast|1728
jesu|4266
mpirottern|5010
baricitnib|4882
figur|3770
=|3496
novel|1029
sherman|3884
wa|6201
inde|3633
progenabiom|1628
httpscoymafyaeeo|398
repackag|5479
disturb|2047
chines|5015
mammal|3198
cloth|3608
apartheid|1472
colepozd|4876
contract|5517
appli|1764
there|3713
dumb|2794
broadspectrum|3445
counterr|4513
httpscourokkjk|5931
bot|1974
repchiproy|4674
phakkihaldi|3474
nov|4029
don|1278
conspiraci|250
awithonelison|1732
doehlerd|4166
httpscofqheckqu|3650
urologist|4016
httpscoblumhlutfz|6006
httpscotqwahsl|5161
plane|3396
‚Ä¶|1177
dog|2094
half|3528
verita|5365
faith|337
melatonin|1379
api|3890
antifa|6432
remedisvir|6507
lebon|6198
pe|2532
c|686
winnielalisa|3670
polibard|407
cloroquin|464
markelindsay|4526
nswhealth|1462
httpscotukotsrgw|1373
auspolsocorrupt|4438
andthehorsesherodeinon|6388
yashar|5746
httpscooovnwsbo|4433
tube|1045
slip|209
massiv|1311
httpscowtdlwja|4201
couldn|3433
reimburs|1959
special|3981
accomplic|4384
journal|1288
buildup|5449
matter|2772
kati|106
johnmccollum|6402
dogvoyag|5892
replac|3104
skepticalmut|4249
enderlev|429
hardli|4901
realminiaoc|1217
fam|560
palmerreport|3272
fitterhappieraj|3172
plu|2648
prayer|3
increas|239
paulmeekperth|200
chomoglobin|2548
httpscoibagfjsn|3394
httpscoaaqqovfi|2891
zaynjaff|4262
purpos|4743
facil|1709
obviou|341
httpscoetibmkbxq|2461
coxkhc|2658
death|97
crimeagainsthuman|1253
taxpay|1627
fanat|5338
haha|2735
scant|5384
ba|4217
bringthepainnyc|1586
portaricanrt|3697
rhi|3475
facebook|6231
live|175
oneillw|634
otherwis|1985
symptom|605
bobbylgauthi|2481
qgk|3061
midazolam|672
comparison|62
porn|3894
ya|1559
scabi|1267
candi|89
üò¨|199
quercetin|446
ship|2917
month|1845
ü§£ü§£ü§£|1578
appear|653
jacob|3673
terrorist|804
httpscolucxfhdmxr|5121
hi|6694
healthza|1806
devoid|6349
httpscowtvmbgmlf|4946
paint|3066
excess|1514
prize|2513
kellyscaletta|5430
coercemanipul|4692
current|1396
citat|6382
distinguish|4659
seeitth|5388
ü§£ü§™üòúüòÜüòù|5234
oxygen|5585
silv|6452
enact|732
httpscoguxycdqto|6222
fold|6605
qualifi|70
sheep|2972
ilovetodocrack|4542
o|2291
debacl|5072
push|684
lowest|93
redempt|5471
wind|2210
con|5103
drop|1774
cough|1002
deadli|63
shame|824
receiv|2317
hqc|5534
anecdt|247
mazwa|268
vitalikbuterin|3270
bigunderscorec|5841
august|5696
seek|185
httpscohljmtbjizx|1492
allsen|2725
quietli|4279
hcq|29
sepsi|6783
inform|1284
surpris|3552
gcmaf|6223
karenmackl|2982
roger|4575
needless|4031
friendfriend|6447
sentenc|1887
httpscoetfnelzw|2031
gpra|2845
acquisit|459
predominantli|522
cook|1504
httpscoleetokflg|5488
dirkziggl|777
flcaseydesanti|3875
justkeeprunin|6342
pauljohnson|4189
httpscofwhdbwv|3052
kamass|1153
mane|2425
depend|1689
usag|3294
üîç|4686
dope|5942
recommend|204
pore|4998
chadhartmanshow|5701
reason|755
dezmondoliv|6248
peter|2880
üôÑüòÑ|5302
ident|3601
vital|3366
clubwher|913
oz|1563
tenderloin|6603
ivt|3535
halfstaff|5823
repmtg|4491
intak|3236
btf|973
hack|5436
diddli|6353
httpscouacwtdd|623
paywal|5861
shtload|4439
omega|3747
ucrsa|2778
stem|3798
scrowder|1517
plandem|1254
hurl|6730
sjca|6434
total|1844
httpscopjudznsw|1292
diatrib|3263
joebiden|3676
jonimil|4877
nbsaphiermd|4556
bodgoddard|5817
ampdi|2473
write|4912
httpscojkphhsp|6735
sweet|1440
lay|3976
mere|5783
sell|254
mysinglevoic|6311
piperk|3208
miner|2190
migrain|3718
httpscojlxxwdlv|4142
concern|47
quota|3733
shrink|4534
üöÄ|316
josemac|1279
enrol|3001
lucashartleyhow|6528
nutshel|5390
üöÇ|321
digest|1721
carriew|4528
dock|2933
offset|4896
patentüòí|4980
untest|3665
son|553
meta|157
vidalistatablet|525
üõ∏|327
coviddatareport|2087
chadrickard|2304
brokerjerom|2901
exist|917
whco|863
httpscoupqnatbi|2936
msblairewhit|4319
cross|4140
httpscosczruzopl|6076
weak|2553
reprimand|1221
industryüòç|6680
particularli|5536
stole|5597
pb|5667
rhythm|717
pm|5037
karen|4949
disgust|5774
rage|6542
seri|6582
jessekellydc|1519
teach|2733
pipelin|4009
limit|4864
httpscombwhzjg|6616
timrunshismouth|2677
rodgersjeff|4135
mstkinto|4354
httpscoyxfsmrwl|6312
crowmagnumman|4492
beneficialhttpscoohmfiizdx|4161
amplifi|3435
contamin|1718
princ|6291
ass|2093
httpscotrpzaomuh|5176
humand|1035
ü§£ü§£ü§£ü§£ü§£ü§£ü§£ü§£ü§£ü§£ü§£ü§£ü§£ü§£ü§£ü§£ü§£ü§£ü§£ü§£ü§£ü§£ü§£ü§£ü§£üôÑ|2977
cachobweeney|4179
drink|1092
drandrewst|6041
httpscoutuyouyerx|4919
late|2335
chuckwooleri|2038
therealbiedz|2848
spoke|1966
know|2098
denier|6252
scientif|770
touchi|1640
arteri|1979
ran|213
daisycousen|2882
edawson|5333
lizcorbett|6037
benjaminjob|4590
alleg|6127
contradict|2382
latham|6756
httpscomaleslldgw|6761
tini|1251
cancer|6
ü§ôüèª|2599
vlad|6118
brujaanon|3876
wash|3956
respiratori|667
effct|2309
mexico|2811
success|293
overal|2010
cynicfar|3407
orang|6124
httpscoytlvjmam|4497
httpscoysuwa|6609
salin|3961
Ô∏è‚ù§Ô∏è|328
worker|2169
cd|5369
tanyaseda|1423
throat|5779
shut|826
pick|256
amieburbridg|5809
retir|5523
messiahisho|5192
imnobod|6649
fremont|987
expertis|1862
peopl|45
approv|164
relentlessli|1957
offer|2464
ate|6306
blow|4838
righti|1392
linküòä|5948
insecticid|5152
adjunct|2618
soar|3231
httpscoqhcqdcjlq|4759
torpedo|5864
mytholog|3742
prophylaxi|1268
koi|3481
polymeras|1697
metzbox|2065
myfreedommov|4577
httpscohtkhsf|4929
staffer|4026
kind|524
document|2242
shrank|4799
doxicylin|1706
sophieafloat|6138
bread|252
fascist|5040
fund|383
iveaaru|3573
dr|610
she|4123
settl|6654
httpscohjyhqsizoz|4748
arizona|102
queen|840
dengu|6025
bless|2596
violet|6555
tasteless|2543
httpscouzbnsfi|3869
shibboleth|4538
bictegravir|4895
beauti|6759
hammer|4544
pogrom|1020
httpscolzzonkeyj|4640
patduboi|5805
countless|2262
jujuliagrac|6644
govern|96
consistentü§™|1752
white|384
groupzirigoza|1687
urin|3434
ü§¨ü§¨ü§¨ü§¨ü§¨ü§¨ü§¨ü§¨ü§¨ü§¨ü§¨ü§¨ü§¨|3840
okwx|5371
üá≥üá¥|2600
ep|3866
httpscokjnhybqn|5708
nostril|5899
robustli|3344
ph|3727
instead|576
block|5324
retit|3680
lame|2225
katz|5885
planet|6005
nyt|5777
baptist|6621
antifung|367
httpscoanwncmmp|3694
baitreward|5988
rs|336
rogan|1866
ronnietrump|4426
curtain|5606
sin|2787
remdesivir|26
nk|631
blocker|4995
httpscopthodu|5248
pebblessplash|1499
concentr|3575
robityson|5330
sham|6338
r|3041
lotsa|3021
httpscovanjhkakqb|3710
tassiekaz|2272
truth|11
materi|3918
focus|2984
traffick|1111
smarter|2507
rachel|3339
unitetruth|5157
ü§£ü§™üòù|5235
spencer|5771
httpscoirofxohmqg|2154
normalutz|5258
cultur|4840
profound|5398
jasonhowerton|6522
mgb|5593
parasit|523
kathmle|1269
sit|5016
rowandean|4202
sdni|5184
npr|5577
httpscogyevzn|5694
brain|1511
httpscoiekgsjb|2722
media|1771
yvettedath|1467
httpscoqxvvkjg|2191
partner|173
duh|6000
correct|2215
nyob|1131
beangrycunt|3739
progress|1939
jojofromjerz|3807
raouldukeerik|4226
dfisman|4982
situat|4990
acidroposi|5897
repgeoffdiehl|2710
mount|6448
minimum|1296
plucki|5624
overnight|2217
emcat|6264
httpscondnaizgtj|6422
night|682
superior|1986
lot|978
skeptic|5980
wacko|3943
oppon|3993
await|3948
httpscoodfxipp|2014
sam|2607
üò≥ü§¨|5270
üëÄüëÄ|3327
vaxx|792
httpscoxgdkgffkc|2836
level|728
nicotinamid|3185
phillyharp|485
httpscobqvcmlkbi|1726
paper|1229
vscdc|1623
dispens|4879
scamdem|4213
telegram|1416
hydroxychloroquinepromot|1223
povidon|3959
insist|1070
pushup|6008
cryptoivermectin|6597
whitmer|514
fineü§®|2430
lordpigeon|5368
httpscozpqwpmu|4165
httpscolgpslul|1603
simongordon|4303
tedro|4284
barrington|5264
dew|1833
factori|2767
shouldnt|4487
queri|1637
httpscoryezkwo|4378
sink|3416
canadian|994
transpar|3467
prescript|113
top|947
tvnew|2573
matrix|1569
horrend|5602
rule|4001
httpscoggwemiua|4108
curdl|5502
thetnstar|227
vial|535
johnzavinski|2420
apolog|40
expir|713
gujarat|2571
spawn|4105
buri|5067
homemadedrink|5969
expens|3512
tale|5965
pretti|2063
unnecessari|4578
miss|2059
epochtim|2715
instrument|6074
httpscozsvktyqg|6700
cole|4954
nycweatherrepor|1129
monday|541
dwramzimdmph|6567
blueforc|6535
champ|2804
urbetsyjean|5787
httpscozglgpbz|2105
hid|2530
tyranni|4699
yandex|1634
desensit|1414
unjab|4131
ivermectinpeddl|3871
legitim|3155
tnan|6758
lizardhead|4096
lmao|86
stood|3062
wef|1337
httpscodwjfqtpk|5386
potenti|768
leter|4076
httpscohuzansq|6104
cleverli|6115
aim|6330
mouldcapit|2325
ugh|1412
neg|2259
tout|3319
ok|1775
lb|5789
amongst|2348
soon|1326
saltyflgrl|2412
httpscouraltbgo|6669
ebennett|2874
jenniferlsimon|3180
httpscojuskrqsgn|3055
promin|5130
vit|867
bore|6498
resist|1692
similar|4533
cagyjan|5030
inflamm|4410
virustennesse|3295
tyran|5462
srhdm|4784
decaderead|4567
newyork|365
regeneron|513
multicentr|2298
shaytantruth|6192
strategi|5987
antoniogisaac|6027
jazzmast|977
studiesüëç|4872
pic|5679
freedompodcast|1735
cocktail|866
blacey|1779
priorit|5166
brandon|2813
replisamcclain|6588
min|4464
mrfb|4416
jeffreyatuck|4827
vulner|4930
oscarcollazo|6002
deathxdiscours|3700
cohort|2870
ford|6777
all|1597
definit|881
hlpykltpjjop|1740
kaletra|2685
wealthi|2193
exercis|5663
httpscojadmjijdgb|5673
billgleason|5751
march|1683
catvaxlax|2050
cld|6028
httpscovvekli|6724
gregabbotttx|5695
past|1487
jabsmultipl|5191
httpscodkuaadbxb|109
substitut|5141
itali|3793
sucker|997
govstitt|5370
dailytelegraph|780
curiou|1547
alisonpalk|2841
acutemedicin|5812
sinu|4271
httpscoolsyqezc|6197
commerci|3271
backlash|2428
answer|710
day|161
httpscolkriyeb|6345
smashyourtv|88
trishmoney|5795
tarabul|4204
riginalzen|2846
httpscomfnhnoho|6473
pfiser|5280
diar|4220
recognit|2123
acid|2117
aha|2254
fda|59
httpscogfnanruff|1305
httpscogygynji|1685
babies~|3951
httpscocwatqbyz|5490
clinic|269
mkeuleman|2249
smh|5189
sharpli|2863
destruct|1255
scope|2261
cpso|2490
ball|1609
newhampshiretofollow|323
bullet|4214
ps|1239
deanpirtl|6305
rsbnetwork|2996
jami|6357
leslynlewi|1347
üîî|2069
bent|2469
httpscolfuxvm|6217
landslid|2948
neuro|3586
martymakari|944
httpscoxisgxnol|5537
stevephillipsmd|3895
dogepromot|5860
suppli|211
poster|2276
httpscovwlwh|3025
proftit|4277
spike|3532
httpscouireusukf|4434
kingston|4953
nicolesirotek|2407
zoloft|1861
ottawapolic|5306
antibiot|1304
dare|3125
swervechri|968
yvryellen|3917
met|3955
artemisin|4733
morphin|1908
perform|259
piattpick|4252
httpsconsxwt|2008
admittedli|4721
scari|5017
airlin|5685
strongli|2666
ranch|4358
bigpharma|2709
check|1681
~k|2728
iv|512
ctftx|5401
highlight|2659
relev|156
justinhart|2120
rncritcar|379
scovilleunit|2994
sakshamsulov|958
hand|823
fuck|1787
cheapest|2472
officialputinen|4564
httpscoxfrysqnm|2300
spacebust|5156
sore|5782
learnedmama|5752
httpscoucbakmif|2266
insuffici|4489
invinc|6531
difficult|3074
httpscozmrwyjbca|1408
virtual|2689
gp|3584
steel|5209
ne|6623
mczewski|6589
onlin|3547
trish|3075
sicktest|4394
soro|5066
abort|1482
sandi|4626
nocovfefeher|4175
httpscozxxuwzdk|6487
squeez|6278
copblockapp|2773
reduc|1245
hmmmmm|4515
nz|2331
experi|207
httpscodwyvsiwkdo|1830
evok|4594
hobbyhorr|5060
meghanmccain|16
mousecat|5393
eclips|1047
diaper|4648
father|2346
redpil|4595
thread|676
raoultdidi|1490
ilpatriot|5849
httpscojsauwnwkm|4527
schwab|1076
latter|1479
sure|1981
newscientist|1130
link|943
request|5584
johnpavlovitz|179
httpscookirmti|5491
ivm|33
recalibr|1502
httpscopgkznlco|2496
extra|1009
faux|6097
transmiss|1032
goldenpup|2491
ksleg|5831
wormer|1394
chamari|6154
fenbendazol|628
httpscoipfpldug|3529
excel|3093
portion|1601
cardiometabol|6716
lobbi|1014
design|3044
yogi|1822
sheilarmacarthr|6021
davidnobl|6639
treatabl|1877
univers|4710
problemat|6247
httpscorexrufuu|3453
httpscoszaekvuji|4043
glad|453
misguid|3276
fall|1238
hereforityal|4352
refcsp|6206
adrianj|3207
respons|790
john|1988
tri|155
awetbusseat|2240
httpscojrasmfwoz|1910
ivermetcin|3910
irvin|4368
chicagoladi|6490
add|870
analysi|159
diabet|6705
boyfriend|6111
httpscotywelvgzg|948
iodin|3962
downsid|1991
bryan|2015
essenti|2260
anytim|1798
kel|3934
captur|2285
karenalainehunt|3378
ardi|1318
endors|1573
exchang|2045
mind|3999
option|2375
brother|5127
publicli|4795
jone|2818
bat|2355
atalanta|685
distress|674
aspalaasnasntyr|4261
readili|6106
repar|5381
sake|6629
movi|3011
psychopoulo|2606
cuz|4122
therapi|504
allergen|1186
clustercalm|2326
kooki|4537
therapies|5118
steviemcgraw|4496
rhondaharbison|6123
fast|1529
sparrowinvest|6685
craziest|6698
cocohealth|6405
pulitz|5801
michaeljknowl|308
woohoo|5076
winger|5848
drpanmd|1434
jmkenola|3625
awak|5077
freedom|873
upset|3994
thwaitesguy|6044
gate|1084
femal|1900
sasquatch|6187
ej|3056
game|3508
httpscoseivgkwxj|3585
httpscomikdbekwgb|3949
techtedlasso|6301
novichok|837
hcqwatch|3227
tractor|1322
sandropozzi|6737
httpscofptyqjz|3777
excus|5379
thoroughli|5396
corey|2064
repmeus|4741
httpscowmgqmemfn|6019
selfish|6618
httpscojrpllutuov|5465
reportpeac|6628
bbbbrett|5331
imposs|2969
crumbl|6561
condit|614
probabl|439
bia|6519
httpscogaowzpfp|2898
red|1052
virul|2755
httpscomdxyenpm|945
combo|1169
text|3235
hydoxy|5210
question|428
evalu|2381
massgov|2706
scorematch|2867
wethepeopl|5460
ripvanwrinkl|1171
my|1295
prop|5538
jane|6144
preliminari|6727
httpscolfkukaxc|5153
goldswarm|4847
fan|3404
ottobound|2
azithromycin|719
democrat|1088
drdenwalk|6471
joetalkshow|5963
coup|5687
shield|6770
wolf|510
illuminatiam|6608
uva|331
possibl|3350
rancid|5920
smullett|425
record|2467
supejohngioia|6406
page|274
earlytreatmentwork|6273
dorkgirl|4490
thehawk|2156
duckduckgo|1632
httpscokcxxtfqf|342
pericard|3346
palmerloni|1418
cdcnih|4690
complet|805
virafin|3912
compel|6445
peterson|5057
rippl|5843
clairesuddath|6509
httpscoxrjbmmhkd|3966
aviddaisi|6429
ditch|3223
nomisinfotoday|4256
amyklobuchar|3115
nateweymouth|1161
maripotato|3060
paulderrington|808
size|2887
httpscolfndaasuh|6435
finest|6722
de|3026
httpscowtvmbhkan|5018
appl|4508
doc|489
hatch|2498
olgaincali|972
dotsgtgrandbabi|3249
spotti|3762
smoke|2807
mehdirhasan|5833
classlass|4651
hate|3296
edbryan|5006
msannieros|5595
httpscovsyqhexri|1717
unitedst|357
anastasi|2556
colloid|2637
undefeatednev|4087
player|4511
httpscojqtnxey|4522
mamalio|5196
odyse|5485
standard|153
jnjmedtech|696
ebolatri|4145
katrax|6020
distrust|6318
brail|6150
buy|21
dioxid|410
jomareewad|3437
ivermectinivm|2934
dg|3649
httpscofolvqp|6547
flag|1227
spudlakecapit|276
realiti|811
quotat|4316
energi|2529
httpsconeyflopi|5233
crimesagainsthuman|1604
formal|4292
ur|1406
pressur|2953
txsleuthusa|4176
elderberri|5959
ffffuuuuccckkkkkkkk|5351
tyvm|3772
mollylambert|5206
httpscouwwyzwisir|4392
chip|2440
gqp|6560
winner|3785
neck|3063
imbecil|2861
prais|3128
signatur|5816
notabl|599
strong|2669
dhsgov|494
mentalhealth|2195
tabl|5145
tremend|3635
dem|1952
report|1581
httpscoxvligbqfm|1582
httpscouwbjvi|493
child|1109
httpscoajjiprswgf|3385
randomfurri|4063
licenc|1823
dnc|3859
ungrat|3888
mutian|4662
arrhythmia|4468
pain|128
paulbegala|4447
jab|431
caranoel|4327
mouthpiec|5800
knowledg|1476
trouble|5541
httpscodrlfskbrjw|2230
birth|5268
blindli|5681
qualiti|2005
insan|3210
pneumonia|4071
mrasay|3717
repbrianbabin|4677
liver|401
incgnitotweet|2719
hidden|3384
starlandsound|4645
protocol|1064
county|4641
proteas|3574
pyramid|6178
remdesiv|3707
pac|3322
markyoungtruth|2039
out|4191
cassiesmith|5120
rammcmahon|6047
slather|5109
india|595
negoti|1585
fdadeathprotocolformerfedsgrouporg|3110
discourag|73
jnjnew|700
patdaili|3587
ivermectininfect|3175
denisedewald|1906
magic|2354
httpscolaztbu|2586
altern|3108
wh|5290
httpscoywobvmloq|6464
henri|6778
car|2632
gosh|5473
abus|3354
beat|689
therapeut|690
kylaintheburgh|989
jusrang|1059
fire|1707
re|13
jewish|4958
kirchenthoma|3655
azt|4555
screen|671
marshablackburn|1945
mandatori|2986
drcharlottetai|6453
head|1652
manag|3607
anecdot|3329
httpscofbbhamyyc|3941
corrupt|91
sad|2819
httpscobstrvzpxf|6615
httpscoesuidnpd|652
jessesing|5229
libbi|6468
easter|6614
timeout|6158
basement|5433
petchari|2754
lynnparkpdog|6224
sorrowen|3533
carollorrain|5731
ed|6668
evid|1449
disagre|3494
smollett|4597
societi|482
snuf|4650
boi|5872
httpscougtlcsvqm|6215
econom|942
nematod|3148
hill|5566
marionkoopman|6263
bretsear|6465
skippyisnut|4020
christma|395
httpscolqcykizv|6650
toddler|1481
brigett|2133
asthma|3352
drawolak|3247
ashishkjha|3507
rcmp|5630
rowdyk|488
freeli|5159
spanish|6298
drphiliple|5818
coincid|2408
immanuel|6403
reedgalen|2023
lulubel|2202
realtuckfrump|2256
jordan|3364
eu|479
montreal|2764
humorless|771
httpscodpzopjbegv|6372
dannymcg|5811
forbidden|4691
pdabrosca|215
food|1363
announc|3212
patten|3429
az|4070
maloj|4237
shoppeterssquar|5239
eua|465
nigela|2108
piti|4276
lyme|6496
shake|3022
skfreak|3165
adhd|4052
suspect|3174
ü¶Ä|1270
judicialwatch|2876
addit|3065
eroticacid|5985
copi|4825
httpscolardvrdb|6195
erictopol|1313
applic|5728
label|1816
immun|853
war|2979
jeopard|3312
delta|2885
maim|2652
maxabrahm|2096
mailer|5372
worsen|6476
polic|5389
httpscozhigptgsi|2455
fresh|6395
kezianobl|2324
person|869
virus|1100
meet|1232
üëáüèø|5689
pussi|1750
pattoncart|4744
stellar|2086
boost|4425
zinckzach|4927
fron|3667
shocktraumanp|4263
minfitzgibbon|1345
numer|4456
caitlyn|3343
grift|6101
remov|3054
pmlive|4196
baxterpeterba|6054
bhweingarten|6732
vastli|2646
surgeri|6689
missylynnk|4830
confer|1694
cvid|5064
gavinnewsom|2852
defysolipsi|4333
fail|899
secondgentleman|5516
paulgrimshaw|1000
httpscoscpfwpudu|1315
variou|5992
crisi|3234
websit|1172
jcjohn|310
rothschildmd|2925
fenc|4553
cell|450
peterlatroab|253
prayingmoreru|4978
truck|6121
leak|743
mjkpa|659
sporksi|6485
stepfath|6483
bioweapon|794
msteez|4548
simul|2932
music|5759
hors|48
rins|5901
‚Äº|318
camp|2853
copiummt|4839
bandwagon|6493
save|177
shine|4828
antivaxx|1360
httpscoiklsuvilvr|3490
russiag|5604
fellow|5552
trendi|1859
hay|5174
willet|5496
cart|1303
correl|2665
oper|5312
quell|5447
httpscoiuhlbxnpl|476
elizabethclod|344
dot|3365
unusu|5242
troophr|3938
sneaki|2253
margaretlcornel|4056
educationmn|6424
weekday|3758
separ|1046
sympathi|2323
helpüòÇüòÇ|4127
cant|473
madhava|5494
hunknorri|377
upsid|3992
metal|1646
directli|3538
whike|4483
control|491
changer|3509
tank|1201
god|691
httpscopndnfshtyk|3100
trove|3487
filter|6128
distribut|1824
azcentr|6670
ach|5348
emiliafox|5911
httpscolfnaezsi|3383
biofilm|1427
cnn|1614
‚úÖ|2495
httpscogzwiwdu|4529
summari|236
crappi|5947
csf|6657
averag|788
tax|5008
breach|803
power|1674
mapl|4181
httpscomimszh|6282
nyulangon|243
alex|2820
yinzerrob|4278
heal|4369
draw|3853
secdef|6175
kar|3484
feder|2288
competit|3583
popular|5636
httpscobpbghgeou|6234
squat|6351
doctor|27
üòÅ|1589
chevytothelevi|5780
httpscoweaqvc|2025
regular|65
disput|3275
broadcastmik|2784
kevinmcshea|6258
turmer|3748
httpscoxwsdtlka|4514
sp|1918
stolen|802
defiunicorn|2630
feel|2762
capetownrock|1951
httpscoublchrdmu|2161
httpscophlfqbq|6375
ginger|5349
ilk|5998
jabber|2973
cjonlin|5832
america|19
famili|557
comm|1602
support|985
truvada|4891
ridicul|2636
serrapeptas|1430
franktrin|6617
borucuerkin|233
anim|1034
elijahschaff|1516
govrondesanti|2411
rubberstamp|2830
jha|5772
chart|4437
espous|3831
vilifi|3423
blackfac|3297
disappoint|6235
unclebuckj|1132
polici|1038
httpscowqzpyrga|1551
cuginoeddi|1653
httpscoiarzwkqwc|2570
dean|4746
raseaton|6045
httpscorpjlssbhh|6539
legal|78
vaxdozentim|6191
themrsxo|1727
paid|937
cuff|1549
kamala|5435
antisci|4536
patriot|5459
boom|3709
lisalhein|3106
dunk|4965
lia|3337
premedit|669
httpscophtlzdlfa|2577
miracl|2340
httpscozxfybri|5550
httpscornfbdpgtb|1741
collin|2791
defend|734
ianbrownle|4295
sir|372
center|2702
drjessigold|3408
wenter|4088
repeal|5039
httpscozwgykyu|5706
bean|4756
shadi|3269
lacecharli|2437
httpscoqonjedpnb|5256
globe|5292
patent|182
injur|1329
period|1897
zubymus|5548
bunch|72
shenanigan|3156
monster|3736
fleet|5703
cent|2576
moderna|2362
barri|3885
fox|2739
discontinu|3145
bertiesquir|6043
conservatismdna|6440
kirstiemallsopp|436
vacanc|3454
eg|6117
dalla|3500
nac|2119
vekluryremdesivir|3559
gileadsci|6420
mungojrri|1911
rare|4094
arrestbillg|6166
kattimpf|174
user|3334
inferior|785
element|5770
trvrb|6262
africanborn|370
abcnew|5442
viral|2246
douch|3954
httpscopteehpyu|3554
nickmmark|6702
taliban|6721
kooncestephen|1851
nytliz|4632
babszon|3102
narrat|3524
nooo|4905
hydroquinuin|5973
ivermectinzinc|6645
fionalo|1402
anneofkingston|6749
httpscosvsnkuybx|3792
unscientif|3911
februaryoracl|4608
accustom|2442
danbarreirokfan|6243
rundeathnear|3802
proof|961
ibuprofen|5545
brainless|2222
wish|67
idk|1542
andrewyesudian|5476
httpscoekzuyuerz|3402
centrist|3988
‚Äì|5240
httpscojlcfybv|2410
incit|1453
libsoftiktok|4318
cheaper|1398
icu|907
fuellmich|3602
bennyjohnson|4964
ensur|4987
epitom|1949
selfdos|5203
ivormectin|1729
chunk|1567
ew|5326
thespidersweb|6472
drum|2912
fannyi|4240
bho|6763
fatal|2366
populationallevel|3078
blame|2209
httpscompywnxqzbx|2896
enter|3068
httpscomhkkmhdtu|5493
forgiv|3591
salesrank|1977
wiltster|3712
trust|246
refus|382
jgpetruna|6638
icrnih|1901
trope|1591
vet|1928
uproar|1274
counter|217
üôÇ|2055
btw|3590
chloroquin|2971
assay|3579
weigh|5063
sensor|1809
hitler|5169
awar|806
httpscoorugosniqg|4163
advocaci|6131
vic|5669
warm|501
quercetinmg|6470
duck|890
atoosa|4652
wing|3593
karl|4047
alkalin|4083
httpscofspeihz|5319
someday|5197
periodspeopl|2074
capit|5245
cute|5634
runnincm|5050
chrisneuen|1235
caribbeanbtcho|3283
scheme|2149
aconcernedpar|2700
frankaquil|596
sun|4090
multimillion|6524
ciproflaxin|1703
chest|3702
trudeau|1342
quinin|2241
grifter|1320
zabaan|2549
set|871
jimdan|1786
httpscolqspcrmc|6636
lacalderon|3461
gatekeep|5993
jorgeo|911
output|1633
aperlb|2777
libel|5767
httpscocqllrvpsht|5802
privat|2609
üò°üò°üò°|3721
neat|2494
tonyhinton|2584
httpscomnsjkzkid|2432
sail|2628
httpscozhyleqgptm|2482
turnaround|2668
hypox|3143
hypoxicchicken|3002
cream|1766
justintrudeau|167
httpscovnpcfci|5793
speed|3005
sip|5259
tho|2371
httpscopxipwvmm|1368
goodfoodg|6482
itech|2301
snag|2512
sheepl|4716
akleg|6359
evergreen|186
wyldwlf|6279
wu|4932
secur|964
elviscol|1324
casino|5688
magatüèì|241
construct|4855
die|564
nofeltweav|1955
vocmopenlin|4623
misinform|495
circumst|5509
httpscobluhtmtj|4517
bitchut|4993
competitor|938
sgtmoni|3744
chloeb|6458
fault|1381
coerc|1025
üï≥Ô∏èüêá|4012
ü§≠|5926
httpscosofpltjt|5188
fed|731
anti|249
hydroxyq|1452
unitedkingdom|364
flow|3789
vs|456
absolut|1474
meo|546
tortur|4281
httpscosgrxdorg|2713
httpscogbibjxgv|4033
inaccuraci|6640
access|1198
amazon|626
sarahj|1965
httpscooprjendbw|3252
httpscocveuopf|1226
ericmmatheni|1531
httpscothewinx|5605
stella|6404
good|3629
mlradsma|1724
httpscofvlrdyk|1716
prospect|2040
cuomo|506
jaketapp|4446
victim|3784
dumbassesüôÑ|6612
sbakermd|6460
amend|4672
growth|6585
commun|1574
peddl|1510
eb|821
ignorami|2226
clearer|6426
arkansa|3991
rock|1403
doubl|1011
httpscotxjhtugiv|1796
bigredappl|2976
extrabagg|5223
rootslay|1247
nail|4460
strxwmxn|6280
realz|5179
hydroxichloroquin|3856
colleagu|2862
httpscoilyhci|5934
demonstr|2462
oswinnsw|2999
commiss|3606
scholerin|2843
repel|5321
inexplic|6055
therealkav|3031
accommod|6743
cityofjoburgza|1802
k|396
httpscoxeyturcshj|3562
strain|2752
doxycyclin|721
bonni|1489
blackmail|3361
moo|2857
retweet|3971
beardsofbc|6157
transfer|5000
random|244
academia|3412
covfefegurl|1417
berni|5881
symposium|3628
voila|5644
inh|2533
drunkenli|1857
pleas|715
win|2534
traitor|4698
institut|724
ventil|1330
wo|1204
shitstain|6308
result|789
oefvet|4584
ago|1568
concept|3923
kid|551
xadengal|2199
httpscoaavcw|4724
via|875
truefactsst|6277
ashleighwildest|5337
covington|1459
trade|4791
storm|1282
issu|558
mutil|3779
mich|5766
earlant|2824
alabama|6093
autoban|3265
moral|3519
httpscoqsiweyvvh|3345
gsnarayan|3515
gotta|1684
flindallstev|2489
ukrainian|2987
perryview|5853
httpsconiaiaeji|6244
class|1470
peek|4822
honestli|264
miamifanx|3672
malaria|3815
dm|6595
httpscobsurnnvn|6419
üôèüôèüôè|4066
obsolet|4725
üòî|3953
vitro|5762
travel|3835
individu|5070
flavor|1834
preexposur|2866
wtf|4477
mg|353
httpscokhwnuwyz|6717
dude|1432
ping|5950
collat|3238
anticanc|1890
that|1848
descript|2414
nh|126
askforlinda|1460
licensur|3503
unpersuas|4307
httpscoeozzzmzek|5385
kacrn|6009
didier|6148
andrewbostom|4280
smnweekli|4480
arc|5469
toward|5638
soc|1068
httpscourkmybiyzt|5850
theladyharley|2418
virolog|1083
babieswomen|2081
ppathol|1762
outplay|6390
grazbruno|5680
internet|3073
üëÄ|6540
httpscoomxnhbctj|1057
collar|3765
peski|5637
discoveri|5353
sole|2214
httpscotwnbyrrkx|4894
sadli|2439
brunapp|898
embolden|3267
um|688
lmegaw|5748
date|722
cboyforeman|434
aliv|437
aiia|1659
ü§°follow|6181
creat|914
covertli|3854
orelliantay|5089
halv|2478
mcgillu|1327
find|1216
thescibab|4382
httpscodsfwuj|117
skip|3766
jacyfranklyn|3254
gun|5925
plant|988
opthamologist|1508
misconcept|2737
shithol|4788
dunno|6598
damag|409
üá¨üáß|2585
gotten|3215
function|3664
propofol|1909
prolong|6659
accredit|3504
dimwit|5919
wouldn|433
michaelsherm|4462
tennesse|325
shout|3004
uksciencechief|3570
mackayim|6268
prime|3363
lemon|4073
familyclear|3825
former|4046
rest|2980
platform|2562
tallphilosoph|6303
hospitalsdoctor|5609
ungerbn|6610
mmward|5730
txag|6172
rupertpears|6454
popehat|4509
box|1163
tenuou|6110
signific|585
prefer|2510
mqx|4764
sierra|4906
zincquercetinzyz|6478
httpscoxvzzivwip|6715
sensit|4507
httpscoxudjczsmbi|4524
oh|660
judici|2502
cbd|5334
httpscoidowguoev|4342
pay|1444
shiver|5674
mysticgoat|4021
httpscoaiwnfio|4707
pierrekori|498
worth|887
swell|1244
margo|6088
awwesomeandrew|3674
robertsgm|307
ave|1748
thetorontosun|4407
unfairli|5863
ny|6564
union|5878
militari|6348
molnupirivir|6661
autoimmun|4153
micah|2780
hasn|4110
abl|3501
tv|2188
kbear|3414
httpscozqiwdoqi|5612
acdp|1642
laurawi|2384
Áñ´ÊÉÖ|4375
jonathansarfat|2480
narcissist|3849
httpscoinyjzchyt|643
rahrah|3957
fraudci|5055
theblaz|4911
kelowna|1488
arizonajack|6185
rigour|3908
complic|1835
üôàüôäüôà|4925
scam|1215
legisl|2625
morrison|723
incentiv|3373
hot|4970
httpscokktsugqdg|3596
reintroduc|6632
third|1920
marcscottemeri|3526
committe|929
stori|218
alfa|5014
huh|1454
brazen|5943
bupropionwellbutrin|4170
aid|3903
doom|2036
unproven|3109
recogn|4065
tomshermannh|6591
convoy|5806
asset|1562
primari|2704
kidney|405
nucleotid|6681
nilhumanum|5907
reaction|1616
cope|1799
reckless|3403
pharmacytim|1714
ejacul|2929
heard|1782
larrywasan|4601
wolfofinanna|5765
throughout|6765
üõ©|319
prednison|5059
raoult|6151
Ëã±ÂñúÂÆû‰∫ãÈÄüÈÄí|3037
httpscoqpwhnnxg|880
unvaccin|902
anniegullen|883
httpscoalbkhpi|4939
penni|301
smoothupinya|2731
ukrain|416
firchristian|4557
mancunianmed|5810
grandmoth|203
fleetick|6495
partial|1618
thru|4465
judg|4289
httpscoevwlkcqfk|818
judiciari|6362
httpscoltakldpgj|5951
httpscottthefq|4091
delay|4109
apotex|5740
httpscopbeywjutq|1980
weight|1033
affili|4633
molnupiravirpaxlovid|3916
shoot|1751
vivid|6530
desper|2670
highli|110
context|2397
seizur|6066
opt|5162
httpscoezwksdi|6327
usaid|2517
kori|3536
ajfox|3119
kathcat|4223
biolog|4813
testimoni|3530
joshsdavi|6040
maizrapaz|2398
batmanbuddi|3057
ms|1992
daniscotchirish|4178
solv|4290
remiss|4665
robruadh|2521
reward|3768
kaldennyy|5445
httpscogievosnhlb|6442
fool|1261
candic|2231
overreach|4697
form|1343
hydrxclqn|4215
newfoundland|5628
downhil|212
chao|6162
hcqaz|4726
apart|2293
burial|3034
substack|3069
httpscohlfbekufqa|3293
establish|3459
prone|1189
favipiravir|3913
unknownban|6736
shill|1374
remdisiv|1463
httpscofnxbfqkdi|2248
scan|4535
professor|5253
httpscogrgqlufea|4619
stuff|930
hospitalinsist|4923
soldier|6173
abirobert|6190
httpscofdfuexda|4820
street|4287
nato|5470
corbyn|5921
sanantonio|6622
marik|3377
snicker|2605
bulli|5377
headach|2143
gitmo|1612
prostat|5317
marinamedvin|4431
httpscolacdqryyi|4685
conveni|346
pair|4815
needl|4783
equival|3436
lightbulb|5110
httpscopgjqrjimw|3909
staff|6553
modernatx|1341
httpscopcmcrxbl|5309
~|2614
host|2859
tiotheo|4579
ksorb|1853
exacerb|6220
üëáüèº|6751
regurgit|2037
pull|3546
rem|1956
etvpod|2173
mastertyl|3462
pure|121
auntbat|4349
johnlefevr|6502
ccp|3374
‚ò†Ô∏èüí©‚ò†Ô∏è|1557
opportunist|694
httpscowlrhkda|4654
infecti|3788
antoniotweet|4399
httpscoludijevvw|4763
kathmarv|1125
lvermectin|1199
appar|2048
svqpeter|5786
dazdc|683
instal|5291
healthcar|2170
emtricitabin|4899
httpscokfwqxbfuz|6052
conflict|1566
afghanistan|8
darl|2763
pocket|3636
eddiphillip|5011
mesur|5486
deni|1015
ivi|5645
narc|3830
tonic|4074
stock|2635
mark|1027
calltoactiv|4812
gene|845
follow|148
httpscowbzqpuoau|569
drkalai|1903
expos|3228
hypocrisi|4837
kellryth|1335
literatur|3842
zpac|5020
debbiem|3285
cashappfriday|4653
dmitri|5886
plaquenil|2684
huge|655
nytim|1675
survel|5472
jussi|4603
httpscoxweqnquzg|3015
httpscopjvyqdcgcr|4634
role|6708
profamirattaran|6696
merissahansen|181
incid|6667
nutjob|3937
tyler|2339
noneyabisni|2959
armi|2146
christinapushaw|3877
dan|1842
av|2330
garrettarch|6184
ohio|4422
kamvtv|4428
socialist|900
vax|678
lozzafox|5916
sorri|4000
bugoutinwood|3972
vekluri|2416
httpscohzxqsopr|5005
comeupp|3729
muculough|2168
baileydalecap|1753
schistosomiasi|375
scottbiggam|3333
callen|441
isol|1590
fiddleweez|172
lovesick|4729
toxicolog|5933
httpscobjqqxbolq|4525
httpscowfhewwqm|4801
lozza|5910
kathleen|6092
amount|3797
choos|928
ascorb|2107
httpscopgnzrjsrun|3035
admin|5599
therealk|4559
somewhat|6323
experienc|1781
mannagarwal|234
translat|4666
httpscollgrxemnlu|6416
reflect|1503
lawsuit|3317
tocilizumabbaricitinib|3914
advic|547
indiagirl|5697
gt|6663
neigh|2775
cost|298
httpscohqaopsxblk|5219
blast|5080
httpscognrqxybo|3201
unit|4570
nuclear|5002
serial|4119
vocal|2552
httpscosoejoucpui|1101
httpscossomvzyh|2155
genit|5269
viagra|2785
stan|2801
ebianni|2450
thee|3257
basebal|3132
nobl|4157
ryanmarino|3089
coronavirusbzf|2931
hydrochloroquin|6384
vprasadmdmph|3577
supernova|3017
usarmi|6168
replic|3958
letitcrumbl|4541
farm|2207
tga|4488
eventu|1383
verosouci|5677
dead|1094
chcpedu|5400
adigaskel|5513
daddymatt|5749
httpscodxgdtez|5448
bizarr|4552
enema|6525
charlotsumm|6455
flush|3985
jk|4121
classif|1097
crate|4850
core|4884
mollyjongfast|841
httpscoonwnufayg|3746
award|1401
sometim|639
ethic|2920
rape|330
imurbgieman|4312
httpscoknoebrw|4818
crimin|779
intellig|5844
dollar|290
takavet|4376
benni|4966
count|390
pharmacist|1023
infant|1364
guid|4436
ashdspenc|4596
suppos|2046
karolrod|5300
httpscoaziffmba|4100
elect|799
meanwhilek|5828
drunk|5918
drtoniho|6266
criminalcrimesagainsthuman|4983
malibussrandi|4622
mfinnpotu|5581
httpscokqvdflmk|5463
asymptomat|5521
httpscoaojllnvsfr|5062
httpscofqkvgur|5865
australia|368
dghisham|1904
ghopp|1139
proplagu|1359
emdocinabox|3711
alexona|1141
journey|2294
betaraybob|5004
httpscoumhdepfifx|4023
wors|950
conspiracybt|3883
wore|3998
mikedewin|2823
repleezeldin|2435
realdonaldtrump|1093
elderli|511
low|92
nicdsa|1803
wisconsin|2656
psychhyp|3438
caspervdean|3464
lindavelli|4909
inflict|138
pulmcrit|6457
event|3415
lazar|4461
charbiermann|5675
angierasmussen|6260
news|454
azithroymycin|4044
admit|1382
mdincanada|668
fulfil|2487
influenc|3277
drsimonegold|720
jameslynchgtc|578
sleep|3466
shannatorp|6570
vaccinestest|6746
graduat|1761
send|5
bahawki|4561
caster|3795
usd|3881
discharg|381
httpscoshkqk|4339
roundworm|5896
rattaco|3101
stratifi|857
chose|692
sharrimarkson|4198
influenza|1333
weapon|2016
httpscoruwtngxh|3599
suntan|1089
hydroxychloroquinebloodü©∏|819
httpscoakimjjcru|4862
domest|3900
govabbott|2906
rhem|5444
leslibless|458
lead|953
bowden|2879
kenkeathley|2483
httpscolkewfslru|1095
takethatcdc|1128
vitamin|627
thoma|3341
gender|2243
httpscofpvmumsmt|1788
colorado|2833
httpscotitutxxtz|3111
conclud|4380
lol|2378
housegop|6035
keep|5140
callanswag|5729
boundari|3847
awesom|3260
ake|3560
silver|2638
cold|2981
sound|1770
puppet|2148
adeldmey|6026
azar|6134
¬Ø|2229
fyi|3349
depsecdef|6167
detroit|6775
httpscoqgdsvijhi|4682
carpetcre|5715
midterm|3426
donald|3690
amberfair|90
foul|5978
childish|4773
unfortun|1378
monstercoyliar|4233
httpscohslyfk|6343
m|3619
hoax|340
youngestwoman|5631
angleü•ä|5582
trial|41
üòâ|1972
dingu|5840
due|646
thedailybeast|4440
promot|66
endofmyrop|5180
mccullough|1316
usa|1425
bought|1534
pathet|4967
mother|4481
tpostmillenni|2451
babbit|963
haunt|1464
consid|5474
ll|1512
massgovernor|2712
httpscoorecodaj|6179
prophylact|1350
rebound|933
httpscoojazawf|3970
sberca|6070
mute|5958
httpscolwjcryopfi|5735
hrctakedown|1970
üò¢|5133
lastli|6176
extrem|403
jwalker|5408
capitol|6518
senronjohnson|4750
placebo|2403
dragonfli|5497
damn|1538
rollout|2211
httpscoyuhskhdgu|2128
multiorgan|6784
notic|452
bayonetricochet|4486
lordisthisfre|5908
bwaaaa|5149
road|1415
sciencecohen|4305
hudsonfarrel|2595
httpscoznzksrigj|4918
alter|5090
stromect|4792
carlogrim|4095
agusia|4738
calf|6307
fraudul|129
radic|5207
drpeepstein|2341
million|295
luapl|1290
httpscorpptjbm|477
ü§∑üèΩ‚Äç‚ôÇÔ∏è|242
kenya|2345
gagetarr|3706
ü§°ü§°ü§°|6012
sport|6366
pish|6688
hollystubb|2303
bind|3308
worthless|3149
httpscomilyedld|5617
file|923
adevotedyogi|1168
malaysian|1997
brought|3898
prairiecentrist|6635
httpscouuiichaa|1973
doodh|3472
vbdpenni|2970
poorest|1259
elig|5668
ü§£|46
httpscorbxirnfaz|6586
httpscovndkfkqvw|5272
wealth|3315
cappuccino|150
üò≠|5198
will|4057
shop|304
theorist|251
httpscodxipwudwp|4211
jennif|6149
wonderdrug|2889
httpscoddoyh|4476
httpscongewtrli|3448
lackey|5650
httpscojjgkbzmo|6766
safest|2923
jyduclo|1340
httpscoubfdydcztr|5504
face|3362
httpsconfdvkfbkc|876
artytom|2499
icymi|3952
hcqivermectin|1526
httpscowcoaqcshr|3864
mellamocatz|6593
surgeon|1222
cevil|3838
httpscoazecghnnr|4532
redgotti|6520
amoxicillin|2091
jump|5361
california|356
disastr|6719
freedumfghtr|4355
bfcbfba|5838
httpscotgvzdojssd|3422
‚Å¶stevefda‚Å©|3843
httpscocxwuibldc|509
suntansdrink|6295
photo|421
ppl|350
failur|393
struggl|3946
yesterday|4880
australian|4049
join|1530
florida|810
nina|5244
gdfrogperson|6624
sciam|1138
goto|5571
benefit|229
ifr|784
dnr|1711
httpscosykwjtdwox|4028
disinfect|1760
forward|2185
mutat|1693
valid|467
menac|6552
impactamp|6229
liposom|2182
picklesinabun|6691
bodi|1765
useless|35
pfizer|294
covid|36
pretend|833
incomplet|6655
honeyandbarrysherman|1610
pasteü§∑‚Äç‚ôÇÔ∏èü§∑‚Äç‚ôÇÔ∏è|2531
üëèüëè|3192
ton|2695
truthiscensord|3136
varieti|517
creation|6441
controversi|1847
nevird|4988
fortifi|6625
happen|388
memori|2365
jail|69
gardengirl|2822
burden|1941
sunlight|2353
dashablu|1946
seriou|1475
flippant|6319
vacat|2057
yr|470
region|3245
citywid|3079
hydroxchloroquin|1611
gopliesabouteveryth|6563
measur|76
thc|1443
talk|427
üò≥|778
entir|1421
market|533
napervil|903
receivedbeliev|2443
fentanyl|3794
evad|5621
rumour|5977
resourc|3088
randomis|647
hydrochloriquin|3738
rdrp|3305
mainstream|1768
casualti|6513
deanjmuel|187
exceed|3553
world|87
bit|847
incompet|6480
herebi|4657
httpscochexsrgj|2035
mogtheurbanit|3865
httpscojctltujzu|3997
justifi|2396
clove|3821
licens|600
marhattarosalyn|1912
nass|2265
httpscovlboezoco|3379
üëèüèºüëèüèº|3783
harm|414
trucker|984
gi|3142
fingerpaint|2138
klobuchar|6133
thrive|2795
grammya|4737
react|2043
worthi|3159
mento|2172
httpscopqotdofkg|3043
ü•∞|4663
greensketchbook|6188
laughabl|5208
nausea|6061
refer|4294
kirstenklang|6109
profil|2803
snake|2640
utterli|5542
spice|3627
httpscowzgijozw|6392
guidelin|946
babi|163
acterma|3786
nrvnew|6137
derekjsloan|6038
bill|872
viewer|1275
httpscoehdwpaq|5123
press|3950
soonüôÇ|2109
nano|1621
physician|486
drift|5975
mrna|536
muzzl|2989
husband|2466
alert|1115
fals|1874
charlottesvil|4867
mottal|954
ink|2551
feet|2364
thomasp|4745
ineffect|2810
protect|843
chyyynah|2927
sunithanair|3886
overrunbydog|3977
brianweeden|6596
om|3169
fpchampagn|1328
httpscozetbvhsaxa|3669
nation|2788
homework|5852
nose|1556
cuttlebn|2892
lynnsmithlynn|1789
gohowl|3827
pmarca|34
garbag|4104
v|4642
publiussmubliu|4770
defund|5601
httpscorbgtag|366
jacklouisfox|5922
jack|822
asmper|3003
survey|5195
kellywtp|6067
nhpolit|3051
httpscopfqrpgax|6764
suppress|814
releas|1619
solid|1880
itch|5646
hain|3478
formul|1843
move|2476
goblinkush|2692
china|594
drdrüôÑ|4400
trumpiti|4768
jeminai|5053
trip|5358
httpscopwspdnai|6474
httpscovqnkzsu|6752
rais|5603
premis|5626
piersmorgan|4200
causat|3995
neighbor|4393
thank|552
‚úåÔ∏è|4002
httpscospcyibt|1213
repandybiggsaz|1778
sequenti|5383
revmesho|1641
chairman|4005
slice|255
time|637
httpscoetvtdejh|99
peacheswolf|3059
unconstitut|5078
constitut|5692
httpscowpoaymbt|4107
biktarvi|4892
czar|4124
lmfao|4435
basic|624
gov|466
monash|4680
uncontrol|3209
broke|697
dear|848
anthoni|2790
tamiam|1439
nurs|2406
scienc|132
kentucki|2655
offens|861
potent|3024
gaynorforgov|5342
mask|555
cite|1872
network|3822
diagnos|3483
mixxdeb|2718
vetnationpod|4430
ioannadi|1923
koolaid|4359
neither|143
jsaholm|1142
drak|5837
fad|2926
üòÇüòÇüòÇ|2198
buck|3878
httpscohjoqvzvlwj|2389
payment|3767
rittenhous|5875
uni|4681
hurt|1917
hook|4630
blown|5941
bdogood|6733
deliber|701
bro|3085
fallen|2730
ataxia|6065
outbreak|658
sumbitch|2255
engag|3534
advertis|267
significantli|1889
httpscofrxcyxnbfm|1075
bbm|4474
indict|2705
overwhelmingli|3929
ignor|183
redsheri|4347
ine|4467
msm|1276
httpscoodayzceuaj|4779
program|2158
envi|4268
laurier|5784
renedrew|4675
randomdribbl|6046
djhdcj|6130
illinoi|905
httpscovolagbb|1883
germani|6745
renown|2004
knife|6748
herd|3542
oppos|5262
sunni|6324
ctvvancouv|3244
dickc|6208
betcha|4414
abolish|1498
pregnant|2083
guinea|6409
httpscoeocynkwzaa|5529
withheld|5819
specialist|3226
mattjcan|4203
yell|2633
click|4343
realpaulvarjack|3652
surveil|5012
actual|815
blunder|4350
httpscoohjkczobjq|2789
typing|1679
distanc|807
d|796
üá∫üá∏|6399
remnantmd|5705
susanleelaw|2686
pompey|598
juic|2344
review|52
tcwood|5150
normal|1805
break|568
bird|6369
burn|4444
soup|5347
redstatejimi|975
excerpt|5528
maleria|6023
unvax|202
drelidavid|4060
snort|5260
frustratingli|345
antivax|2809
disingenu|4802
realiz|1192
theori|746
british|6297
lucki|3411
ketamin|2938
avoid|1104
jomcc|4061
run|1536
dirtnappp|2181
appeal|5082
httpscojiveybyg|462
joke|1096
httpscockwpsazdmq|3230
shot|640
sauc|1755
internetbureau|3514
venomb|5406
windmil|3983
httpscoemxlzp|5160
melaniealex|5862
id|420
httpscohqcnne|4702
httpscooiaqzktput|4986
scrub|5952
discredit|3261
garmanduan|5091
httpscovvxdnzeyon|6374
nobel|2515
tyson|2621
acut|584
üòÑüéâ|2299
daughter|982
exampl|1050
rumblevideo|3331
justinborguap|5323
dream|825
retrospect|2865
disinformation|2034
syndrom|4370
app|5468
jimmi|5871
scenario|2851
betray|5419
camwolf|6656
httpscoeknpicgd|4409
gtconwaydg|4269
forc|698
hospit|391
httpscoejqight|2153
httpscoyertncq|5633
va|4916
loofborodan|3632
salt|2645
guglar|2687
httpscohmoqgccg|712
bwaaa|5151
intub|2290
widespread|3773
httpscoadrknglu|3893
fing|5955
serious|3274
backtolif|2942
antiparasit|354
realm|3555
prohibit|6545
httpscotztihcdb|3389
andylumm|1119
rso|1170
spout|2756
madj|2166
ü§∑‚Äç‚ôÇÔ∏è|4823
oddli|5052
ramonvillalobo|3541
parteek|2545
bleat|5915
venom|2559
kit|1297
factsmatt|2320
sustain|6514
restrict|995
theworkshop|193
httpscojdrwrl|5672
ü§£üòÇü§£üòÇü§£üòÇü§£|2890
fvck|1860
okay|5237
hide|935
luck|1003
lark|6568
cocain|4585
runni|3380
dirt|1420
httpscoyxhgsoqeh|4338
mediasequitur|2952
budesonsid|5276
trumpsblond|6566
altmediawatch|2422
view|2159
shove|5187
bethanycheriss|4086
lynn|6725
gold|5857
sent|666
throw|3829
eastwaymonica|1528
spous|1483
coffe|3811
tyrann|6492
fill|1622
gilmoremax|5035
llc|4628
science‚Ñ¢|3410
complicit|1607
strang|5045
dark|703
hodgkinsread|5788
detract|3158
nevergiveup|1588
victorydayhop|1404
nofutur|1314
llanier|2289
sanfranshitsco|6599
zero|141
penicillin|6475
üá™üáπ|371
deari|3687
drkanabos|3513
think|2409
httpscorndzokvlh|5873
kickback|1445
rescu|1678
ethicalskept|2465
harmless|6086
allieslawy|2726
httpscoyeqofmyeso|519
hughesrebel|3657
henc|952
gardnerlm|5438
hhsgov|6171
sudden|563
custom|4406
clarencejohnsn|6237
denisloubet|3809
discombobul|5394
microchip|6431
randyren|352
su|909
bromigo|1553
true|7
lt|2307
take|43
mccarthyism|5768
flowergurlev|976
httpscopcprxegcj|4174
rapidli|6633
pace|1811
proud|2003
elephantintheroom|2565
bang|2913
hooverbarri|774
investig|4519
witch|6370
thislifetoday|6637
bleach|1049
httpscocyvlhlhbah|2829
blue|3769
httpscoacxhebcn|709
combin|587
httpscolcbeghuqrn|6107
shitti|4103
sceptic|6786
omg|4098
inhibit|753
girlghost|6213
water|1587
rampant|6630
incap|3151
youv|1739
sideway|3326
astonish|2998
hydroxychlorquin|2053
dismiss|4027
kittypurrzog|5228
reject|1260
harmreduct|3028
consumpt|188
vaccin|84
httpscoosaboemn|5154
gospel|3338
fit|4959
qc|2949
prob|5957
lnptruthlibrari|1758
deposit|3376
honeybeemus|4346
southern|800
üõë‚úã|5971
markmcdougal|1124
rep|6250
httpscohcgnnuucq|3845
nmalliotaki|6562
httpscowzxdrj|2006
murphi|515
wendyrogersaz|4267
steak|5683
httpscozqgbwaxmg|4539
slurpmynutt|1250
minthomp|4072
mon|6626
boycott|3887
poni|3804
httpscoqktzvjrb|5723
hydrat|5177
rfk|579
nazi|4865
lookin|2798
allenko|1812
ox|2334
badmouth|5346
yahawah|6573
burgerlab|1137
diss|1575
dna|3449
kidneyliv|3522
oop|6251
spray|1196
‚¨áÔ∏è‚¨áÔ∏è|4635
httpsconkmezfdl|369
carri|1944
local|2337
uneth|1291
whocar|1140
tesla|986
tommynl|3072
ambul|5186
imzeig|2329
httpscodvrmsllitk|4660
janembajanembaa|3539
consown|4137
plaguecoronaviru|1090
bebert|1144
azithromycinzinc|3749
kbishop|3989
johnnycrsh|3023
grapefruit|4077
sthepow|711
toxin|5021
transplant|6658
joncoopertweet|4811
hey|286
speakerpelosi|966
stevedeaceshow|1520
httpscoxvxqbown|1658
üëç|1976
sign|225
childhood|4113
walgreen|6576
catch|1708
interceptor|4329
dexamethason|1507
httpscohblzbri|1243
httpscokvkqvukja|3745
birx|2724
mandat|1493
multifacet|3551
starter|3196
pradesh|592
fireytopaz|6675
forev|4549
premierscottmo|6754
üöò|320
russia|423
distinct|1696
fundrais|5739
ridinroadstx|5475
effort|2990
üí™|6693
nearest|1321
mccollough|2622
feed|957
wild|2187
claudiamonet|3588
httpscoiekkbicdi|6577
artist|5104
heck|5611
altkurti|4775
thecjwolfpack|5583
undevelop|5546
lung|4408
action|4068
consequ|2734
empathi|1527
spent|2518
pandemicü§îbr|1190
oxi|1203
hqn|3387
foxnew|5640
httpscolohesj|6226
step|3369
leftistlog|6600
hat|1102
jccfcanada|1348
httpscoomkthpwx|4054
obscur|4169
dosag|868
ü§î|1265
httpscopnhvgkul|1123
httpscollgvbnofm|2228
httpscoxflxqvmhq|3757
httpscodxnzthqbc|4689
minionve|981
maggieerewash|1030
filariasi|3091
insult|4705
totallycancld|1072
warfarin|5930
friskycentiped|1948
snooprarmyrarm|3863
pragdream|275
virologist|6269
httpscowmeijlow|1838
protein|2554
albomp|2511
gilead|1362
anguish|120
biden|827
pro|544
adolwulf|4351
viola|1191
unlaw|2919
malici|820
zinc|445
antidepress|2682
ivermectintak|6611
self|3624
‚úÖpro|5879
hahaha|2524
passag|4274
puttin|3181
diseas|1384
schistosomiasisbilharzia|2322
httpscobwvbzluj|4588
httpscofjayrymnup|2835
booster|645
kick|3118
senat|2626
quot|80
jameswi|4484
teresa|5450
‚ö†Ô∏è|2212
panacur|5866
pubm|1099
appreci|2282
tiffanydcross|5227
veterinari|5725
httpscozzwazret|6771
icr|2001
job|1468
scare|2751
futur|3348
Ôºå|4377
borodi|5252
scholarsm|5424
segu|5592
milder|5900
incel|4968
kahu|2544
wake|3812
pound|5065
charcoal|6692
ryan|4950
unapprov|4543
checkout|1419
newborn|3417
properti|1892
kkm|4834
happnbab|919
üíäüíäüíä|3692
lislech|4132
httpscoyjgxirkmc|4604
south|2196
woman|1899
reorder|6397
susan|6723
ivermectinüò¨|1725
roll|2960
lair|4753
insid|443
mugecevik|6261
dekkplan|1157
tuberculosi|5826
affect|2592
mass|1882
gopcocaineorgi|6556
crown|1044
correctli|2817
inelig|3241
whatwouldwinstondo|3545
justinamash|4973
indonesia|4032
willi|6003
matthancock|3565
bj|4334
lawyer|5199
jneill|1733
bummer|3117
ü§£ü§£ü§£ü§£|6755
testifi|3640
maev|3347
joela|6695
grab|1747
httpscoxogiap|1230
obvious|1264
dayüôÑ|642
‚Å¶acmtmedtox‚Å©|5935
aa|2114
list|271
addict|1397
audienc|1595
suspendgo|4080
gop|1785
washington|1183
hillelneu|5847
fanilowcc|6080
musk|460
fineandbrennan|1127
httpscockqxnto|1356
none|108
disproportion|586
magnitud|2369
httpscotehegrli|4615
httpscotcirah|1051
httpscoonfgtmtjz|3442
irritatedwoman|3897
ddarna|4878
wit|5115
httpscobdmrjizxsr|4870
stronger|2701
randyrrquaid|1108
wan|5147
richardursomd|5480
enigmat|3550
‚Å¶craigkellymp‚Å©|5709
fake|475
httpscopmbbslmz|4688
henr|6643
natrobinmd|4913
grandpaokeef|5009
amp|240
azolv|4711
mathay|3626
canada|850
livefreeordi|1485
fawchi|3424
decad|1280
n|5557
vomit|6058
rehab|1005
bum|2349
neplusaiv|42
strictli|6082
gopchairwoman|4639
final|990
üí™üèΩüî•|6335
reagent|6071
mamatigertn|3038
yepamp|2736
politician|3166
zealou|6678
vector|4907
tylerblack|32
swear|1643
httpscototaqpmon|6254
op|302
rcdc|4848
finsat|5314
epochopinion|2711
mk|2115
setup|4722
wont|1319
book|581
trialsit|4937
vanduck|5716
visitor|5555
shade|970
spong|2227
leon|4902
tireless|2287
dogma|4455
httpscozmjiyuofo|6078
myworldagain|3451
meaningless|1797
üö´|1369
sabinehazanmd|1629
mrandyngo|2720
crap|1236
statin|4586
nsw|5665
nigeria|4900
httpscootkjkimyv|5556
midwestmantooth|6241
code|1294
prtaylorwichita|4299
httpscoemseuyrdx|2284
terror|4963
httpscopdgcmrdbw|4625
politico|5409
malon|2165
superintend|5623
cater|1596
dontm|1164
lefti|15
remit|606
picolin|2116
cauldron|2497
wednesday|4298
civil|4861
helmet|6554
longkesh|633
governor|874
chill|461
httpscocnulnmj|526
httpscoachqdnmc|6155
msmich|4186
americanmclass|3796
home|380
era|3310
gghelo|4102
evamckend|4445
httpscokxgdbxpbc|4472
oturisk|1370
dawnbristow|386
bootsuk|2583
dossier|5013
emerg|1055
motrin|2786
senil|5288
breez|4272
languish|1008
httpscotkkbykhozi|5580
httpscocjpdeqsci|1024
sf|6602
anu|5113
park|6734
drchristinag|1790
percent|1491
aka|2357
frankgrimesjr|5278
folk|611
gone|68
didcotskelli|1635
aur|2540
pfizermectinpaxlovid|4587
fluvoxamin|5274
technolog|567
bet|2434
brand|1193
infus|4365
neglig|3581
dbongino|5098
usfda|2310
fort|6346
messag|4985
lisaiannatton|2688
varon|5255
zeetub|4232
ivermectinüê¥üêéüé†üèá|4731
dowdedward|1546
karilakewarroom|5343
chrismo|2082
disinform|449
sen|5778
ordain|3342
relaps|5220
wrong|312
httpscocpybriin|5741
hemp|5335
robert|3964
httpscozstxsqtth|1688
murder|663
httpscolqrfmdhuz|2070
jamesruport|5613
bapieb|2052
richardsniff|6503
tammyjmcbrid|3800
phabiteback|3561
alarm|2967
cardiovascular|3844
kevinkileyca|6686
ybgcuq|635
liabil|6180
worldnetdaili|4807
httpscoksdrpyxyq|1513
httpscocmrhomav|406
lee|1583
‚Ä¢|4713
bite|3891
afflict|681
fear|1919
midazilam|2380
hasanthehun|2137
graviola|1436
tests|4644
spoken|4885
convid|3020
jake|4687
medicin|358
welp|1410
guy|829
theleoterrel|1564
michellespj|2842
rip|3090
behalf|2258
repetit|4041
httpscoikvbklst|2918
falsifi|1308
üçÖ|6729
rf|3084
katwatkin|4676
httpscowuwjoem|5108
jan|1832
absurd|5661
lion|2269
httpscotzurqfxjb|5990
du|2535
plantüëÄ|4550
cdc|483
johnsweeney|5859
httpscohbttweph|3323
üßµ|3836
plug|2831
opinion|665
nbc|4190
carnivor|1930
propaganda|374
ent|3147
mean|303
davivian|4762
httpscohekpkhqz|5790
pray|1886
warrior|4708
mjisurf|3609
tool|5982
hardleggam|6627
mice|6350
hunterbidenlaptop|967
use|158
panel|273
dose|608
exclud|2873
racist|3140
cmezian|2782
evi|6400
lookwhatudid|6538
pandaluvin|6385
gnosuch|2452
mysterysolv|1554
solidga|3282
mcg|2106
reuter|3381
ùò≠ùò¢ùò£ùò≠ùò¶ùò¢ùò¨|4306
parentsclos|6072
httpscosfqldtab|4143
outstand|4415
badli|2899
display|5769
ignorancecost|2457
tast|1208
someth|5856
concuss|1224
readüßµclick|4667
compar|210
triggadr|471
vsphd|2305
steroid|3613
üõ£|324
window|4871
hampshir|114
usual|3187
tracybeanz|2067
jayp|6642
medicalhealth|79
oann|2716
puddin|3112
export|2444
httpscopxrhhduuk|3202
irrel|1767
markbgger|4035
wsj|1086
forget|3114
beverind|791
shikimicacid|4781
front|2966
welcom|2271
ef|5350
httpscoizzmzbrqx|2868
goe|2216
proper|5143
admir|284
ailment|518
pharm|3638
threw|6613
richard|4655
httpscoeaasqlw|5785
nasti|2888
aeiffel|2672
httpscoffazuquhc|487
intend|4067
deoliv|5114
afar|3047
lizditz|1150
mild|1669
thisism|4751
pack|2270
curabl|1876
bw|5297
preclin|762
wife|387
sorta|641
tenofovir|4893
eat|2460
httpscoffloqybtbb|4162
children|457
greatli|2286
drag|2360
awakenwithjp|656
jerrytilton|3250
‚Å¶govrondesantis‚Å©|1181
discuss|1062
collaps|4037
select|3969
httpscoixssbuwf|4809
httpscoodurmqp|4849
shown|53
fifisdream|6314
illog|134
royal|3704
crook|4700
bacteria|3217
saltycrack|3902
yack|5128
httpscoycmnvev|3485
httpscoedbfqurft|5271
rona|3146
complex|2328
known|5962
prevent|408
ovariancanc|4106
categor|6275
precovid|3754
arriv|2273
corpor|5031
coupl|750
senior|4282
offici|2436
ohhhh|4806
advantag|5590
esg|6218
enforc|2027
„ÉÑ¬Ø|2234
product|266
awaken|1346
disproven|4111
httpscotmyyjixm|6750
steveforbesceo|1085
aunti|3471
seachang|974
amongcomrad|2805
thatisnotmydg|1647
anymor|1389
easili|22
lifesav|1017
stick|3206
multipleorgan|4371
disposit|4704
warp|5313
agiowa|5904
stephanieseneff|932
themaxburn|4442
diminish|5042
newhampshir|4857
safeti|2238
liber|1037
reallizusa|5257
afterward|1820
valerachueth|3014
johngcol|5027
wb|5144
ewoodhous|5820
itsallli|1135
penpal|6565
spiroghost|1185
combat|4777
mention|38
roonilwazlib|2493
endlessli|1535
pine|4787
lunch|6091
slander|5451
site|23
leftychri|1077
emilybethwong|6039
httpscosawualf|4962
captain|4727
catherinec|6634
humangrad|3371
httpscokncrgigwd|6417
extract|1175
hole|5289
fishtank|6571
ljlaval|3382
asap|834
pandem|615
disinfo|2740
morrisoncraig|2356
pompiliamanda|4247
httpscoleijqa|882
hint|3335
httpscoubqsjdad|4003
kamalaharri|3195
perfect|5204
ventilatror|5551
mouth|4050
intensivist|6450
stephani|6143
yaü§∑‚Äç‚ôÇÔ∏è|2997
massdph|2708
gift|5336
prisonplanet|6140
key|1079
barneslaw|3040
knowingli|135
infinit|3301
itsjillgardn|1001
marthaj|4184
diana|4960
speak|75
rettersandi|5355
bonfinesci|5743
flyguyweb|1648
ozz|6024
httpscoivxrzaqku|3153
biovisionari|1120
groceri|4301
statement|151
worst|2101
httpscorcldqvzr|4618
httpscomxgfoklac|6228
gimacut|5813
major|3008
hedyfri|166
dycur|4429
ü¶†trtmnt|2312
evil|133
pimpl|1246
pioneer|3980
regularli|4683
gargl|4273
httpscokqltvkod|3688
udar|3452
badvaer|1730
wonder|530
httpscoiiqcpaifl|5456
intern|1975
tagametther|4364
supplier|190
contraind|5928
medicineü§î|4039
aliasfool|5956
metaanalysi|5382
cubsfutur|3705
dc|5363
light|115
letter|4897
tactic|2753
respond|2393
comorbid|2333
ted|3639
gigixmaga|5247
danrath|1666
plot|4943
httpscoroflcjtw|1372
warn|4018
moreov|4345
skincar|1242
exager|3904
arrang|3724
jamesgordonth|1143
httpscolcymgtl|5097
allianc|6240
depopul|1338
afraid|5410
ladi|3359
cdcgov|3806
factandrumor|4530
insert|5112
auspol|1943
bottl|4079
mock|3505
theofleuri|4928
rejectedignor|5083
üîú|313
seen|3324
swipewright|6299
dekalbcohd|6741
quick|744
one|745
mcculloch|2808
tinylittlehat|4558
blurb|6411
itguy|4423
ex|1702
httpscoqdslsev|6169
hadn|4863
gf|4503
ra|6780
grade|6720
agenda|1339
jacklaridian|3183
wendyan|956
involv|54
guess|378
httpscolphtsaj|1600
medingenu|5567
drawer|5105
acct|5360
httpscolxvsclga|56
profvrr|6270
earlier|5171
jennaw|3510
mario|6358
jfc|2593
fix|2800
sampl|2884
saga|4344
disgrac|5684
drfauci|4403
ü§∑‚Äç‚ôÄÔ∏è|2667
httpscojivavhla|5989
reli|111
prove|306
unrel|5092
earth|500
hockeyfangirl|4183
faster|6337
mymedia|2847
infowar|5997
trash|2965
usairforc|6174
director|2792
unknown|3568
httpscoefaspckg|2907
katweege|1817
credit|6461
govmikedewin|6381
ottawa|5807
thedavidcrosbi|1700
african|2189
md|4059
brave|3067
mykemrc|5676
yea|3653
breaker|2567
waynefoley|4158
zelenko|2167
trigger|992
declin|2878
rank|3392
ju|5619
max|4443
cartercod|4979
lime|4078
mental|131
somehow|6139
leukemia|5022
rionhab|809
adopt|2456
httpscolmsjuahuw|2221
peak|4573
kill|4
windsorbeav|2423
tanyaplibersek|1258
litflblog|6449
repeat|1961
miketv|5744
httpscomwxbzkiuk|5455
scale|1780
donnasouci|828
hydroxychloroquinepaczink|4421
real|205
madmixmick|1478
poid|5489
electromagnet|5883
dictatori|6753
‰ºäÁª¥ËèåÁ¥†ÊòØ‰∏ÄÁßçÂº∫Â§ßÁöÑÊäóÁôåËçØÁâ©|4379
indemn|3441
verif|2546
httpscooqikfhrg|3372
claim|74
covidvari|3682
crowd|197
ia|6664
af|1506
unleash|5535
whip|4606
puls|2327
easi|279
httpscoidvgqdhxvf|632
jenni|1151
citizen|1466
tech|2000
duhaggan|1905
pcr|122
pide|4207
wordwarrior|2447
nichola|1391
‚¨ÜÔ∏è|3755
polli|3906
clorox|2727
sampsonelain|3658
httpsconxrjbpvmi|6665
pour|539
httpscoqpwkxwhkdh|3880
ant|736
httpscoeihstofua|4321
protest|737
salzenbart|3465
haven|1584
peac|3631
p|1893
public|119
httpscogexckzti|4475
childrenshd|3803
apertaaria|5889
info|927
pushedforc|6438
freddi|5095
manslaughter|1982
tn|3419
risk|860
chosen|3855
agre|291
apoppabear|991
truli|1061
tracidelaney|3289
hit|924
httpscogwcqtki|5038
clairebearnew|3204
niteski|4656
advoc|5610
markpip|4709
trichomoniasi|1266
prey|4504
illeg|702
scrambl|5024
ophthalmologist|3963
woke|2602
clich|1630
skjesu|5991
effect|601
tgif|6387
layman|6551
cryptosparkl|4571
boogaloo|5868
septemb|2157
stillwiz|3311
govtimwalz|3764
adapt|5724
üíâ|2601
initi|149
mccogdog|772
prescriptionü§î|6578
unaliv|5420
glucon|2111
waitbutwhi|6302
naiv|3432
updated|6541
lisatow|2988
drloupi|3286
workabl|5656
httpscowjxaego|2776
retard|5927
buffoon|94
transmit|1344
remember|1178
valu|1302
hydroxychloriquin|1705
admiss|3291
chedanc|4193
hip|1013
stevenwilson|1737
consensu|4457
scum|6491
andieforindi|893
appropri|1065
written|3737
river|3708
convser|2757
overrun|4739
rubi|6147
httpsconrmnjm|3012
shackl|3053
antivir|362
httpscotfncetbp|3130
predos|4931
histor|2239
moment|1801
mtracey|333
battl|680
hostil|5413
indic|2011
pastor|5316
httpscorwqgndcvi|6386
terrorhawk|5214
httpscoqjwkfyhi|2315
mike|5906
develop|761
‚Å¶usfda‚Å©|3839
httpscofawuwdf|3455
regimen|603
delet|343
harass|6772
pawleyrobert|1156
randomurban|4254
kcgetaway|4255
httpscolrwllptk|3668
mattf|915
wjack|1158
drjamesolsson|4732
httpscozzflgjem|1814
shipment|5625
inexpens|1837
quickli|3720
disrupt|3920
httpscoejfsjibm|4819
clarecraigpath|2587
choic|1888
httpscovezyuvvmb|6671
blind|400
radswan|4824
putthatinyourpip|1525
kitchen|6463
dilldafil|5296
httpscokdvsstypz|2555
sotrivimab|5273
healthi|385
hydrachlorquin|5635
cmohnl|4617
trawetsla|5261
inquir|6497
bing|1636
irrespons|1863
httpscoafwodbjcl|5387
depop|4336
drastic|4030
peer|49
harri|3497
refuge|14
hypocrit|2281
say|798
disinformationgovernanceboard|6219
lice|3292
httpsconjlaratsw|3870
lunakika|4903
gabal|5797
recov|1984
sarahvsypen|4326
httpscohamxazzzn|6081
littkl|2097
sawshare|4177
januari|2748
sold|2268
strip|1829
httpscooymhjt|2962
act|650
silenc|2611
httpscoucokgvb|4309
bend|6313
bhai|3480
parti|2022
gof|2522
patunleash|1521
cloud|2278
contact|2881
mrsgenoa|3273
httpscowhamnotpao|3395
ü´†|3092
‚ù§Ô∏è|4390
tacitli|5658
lucabiasi|5760
junki|1548
foreign|2526
tribelaw|1745
implic|572
httpscouuwgxevk|2624
httpscoqtguh|2438
disprov|3133
khairykj|1902
reserv|1921
nopenicetri|2479
rdv|1953
repres|858
httpscoyynfffc|1220
chicken|3862
whay|468
httpscopyhtlvnra|2066
httpscoocswegnyn|2812
minor|3284
born|2433
nice|5293
claytravi|5421
wfpalmer|2654
naz|2150
def|2367
independ|3428
throatsav|5190
hiv|852
promo|2279
lab|740
malariaü§¶|813
mypet|2145
denmark|3677
obstruct|1043
impli|2417
decent|5299
country|6762
unless|305
mate|2421
septic|392
üôè|6292
potstir|3850
opposit|2140
rblockmd|4914
discu|5755
debunk|1457
leagal|3420
urgent|5218
genet|3921
httpscobiugrngvnh|6214
therealkeean|6274
rednekulo|6281
foghorn|3124
arm|2903
understand|492
read|589
scammer|6631
conjunct|4042
tucker|5869
lesmalpa|4084
suppositori|4479
willholliday|1118
travesti|4451
opusmarta|5029
vaxpro|5718
secret|1756
gtgt|6607
fare|2620
acetylcyctin|4055
blare|4794
httpscoxszgzh|4881
httpscoxledqilr|3444
stubborn|2475
httpscoavdfttc|3824
wait|95
honey|1813
mrpistler|3874
httpscohsqnmzaal|6437
malaysia|1999
woud|4969
wolfiesmom|417
doesn|184
overhyp|4592
hydroxycl|6083
dalenewssranch|6648
joseph|5251
enthusiasm|2042
largest|189
learn|2678
mountain|1836
ban|469
remmyrobertson|206
mikepasqual|2799
motiv|2102
wannab|2816
livon|2113
drmengelafraudci|4144
morn|4297
logic|3009
year|1624
httpscocdjotmt|3050
merchant|5720
magneticz|2078
gross|5657
gabapentin|4814
httpscocwnnjcnv|3681
httpscohawqqiz|4112
cowork|6744
hard|2049
voic|5578
mislead|5530
left|531
shithead|3421
harper|6102
fourwinn|2068
exclus|2213
missjst|2020
tourism|314
movement|4313
bettter|1968
siphon|3979
stream|2223
webpag|152
wiczipedia|176
medicinesüôÑ|3544
hell|2470
hydroxichloriquin|1113
gophypocrisi|6559
insight|3306
httpscoaqqfaxynv|1182
begin|2699
reset|3499
faridjalali|5339
jeffreysharp|4188
cv|2649
rodfair|1152
whenev|1154
billion|289
irradi|3726
httpscopmhwxkgv|5651
revenu|5598
paintballwolf|5405
silico|4019
common|1826
extens|3154
care|12
field|5589
ivermectinflavor|5898
wussi|3357
bonkos|4324
httpscoisdcpt|1518
monthli|1994
puke|3819
freak|1218
johnruddick|6333
httpscohcplfdkyt|6459
spew|2136
httpscohziaedcm|4624
lazybotliz|6684
charl|6682
minut|3221
district|4740
httpscotjvapgsyp|3096
riski|5163
confirm|1828
vincentkennedi|3696
astound|4866
khoon|2542
üòùüòùüòùüòùüòùüòùüòùüòùüòùüòùüòùüòùüòùüòùüòùüòùüòùüòùüòùüòùüòùüòùüòùüòù|6034
footstep|6740
entitl|6501
dmv|5279
discount|1298
ail|1560
pif|4668
battalion|4712
fbi|4723
fallaci|6289
funni|287
keithmalinak|1523
lace|2252
chlorin|412
rna|1272
livestock|3901
globalfoodbook|5967
exact|2245
wali|3470
elderlyeg|6125
karlheinzsmith|2100
system|664
japanes|2747
machin|4130
strongyloidiasi|5241
hugh|6317
‚ö°Ô∏ècharged‚ö°Ô∏è|2697
jama|6373
alexandrosm|2839
introduc|3679
fightbacknow|5461
belief|1078
leemilroy|1800
clown|2029
ejmontini|5340
stop|679
httpscojoebfk|6177
‚úàÔ∏è|322
ga|3232
administ|2250
rcvd|2314
transphob|2141
odd|3945
april|2802
httpscoqfaostzu|5175
forbid|2694
exempt|1497
bartend|3188
indiamart|5454
deplor|5148
visual|3752
presid|1110
httpscoytdsehqomf|1429
worri|855
uneduc|1677
zelenkozev|2615
extend|3753
Ô∏è|4658
phoni|5641
colorect|6587
gener|359
net|5412
youtub|5710
reliabl|1898
lordhoth|6439
error|3039
skynewsaust|4904
viabl|4868
billbab|3126
meanwhil|296
deathmetalv|5964
saragonzalestx|1522
paranoid|6105
sheesh|5411
gourmet|1212
spaghxxt|971
duramectin|1978
outrag|1219
hour|2924
fever|4401
africa|661
un|5737
annnd|2696
üòÄ|4844
joshtpm|2186
hybrid|6697
volpiranya|4251
unlik|4589
cure|248
told|31
heyshariann|5764
refin|2905
anncoult|3644
peel|5970
paulmitchellab|5019
slam|6515
disabledpeopletoldy|5501
marienop|6068
cautionari|5966
kayvonpaul|1165
jtrebach|6443
httpscoefjyukdmvo|6212
oath|2492
assort|2827
nhsenatedem|835
johnnyutah|1117
politicususa|6257
bravo|3782
land|3927
maddowblog|4599
won|1784
visit|25
drsemadewolf|1184
hql|3006
obtus|347
occur|3107
daniel|6428
love|2448
httpscohzojdw|5484
capitalist|901
wander|4405
threaten|3191
thumb|4383
dyor|4786
wmarshcc|4999
httpscoymtoyzyi|4471
recent|1625
cpugeniu|5498
httpsconfpzxlgfoo|6371
jerk|3439
jnj|705
deliv|2007
minim|2744
omnicron|5984
smart|415
friend|201
outlook|5397
principl|5135
dianawilliam|5851
haul|4208
papersfront|4920
structur|1098
stoop|1827
jeezuz|5168
weinstein|5126
revok|5483
hydropsych|6469
surround|6328
httpscognfnwxcwxp|6646
diagnosi|1081
yeadon|5917
mill|3262
mrsperrin|4180
norm|6156
lip|6209
watch|2504
autism|2441
readi|326
httpscobhmedlyzr|5341
loyal|3409
httpscoynxvzfdi|4512
purport|6283
global|499
molecular|3302
beilisjay|6326
alongsid|622
previou|4160
lafayett|6731
followthemoney|6340
profit|258
httpscoqptlrqnoq|2837
doctorhelgi|6451
pseudo|4501
autopsi|5441
httpscolrfkytgv|5829
httpscogyyopefblt|5742
ü•¥|776
allegedli|4785
katlov|4385
ivermectinladen|5183
er|338
jeffkaplan|3134
bastardri|738
subversivepsych|2849
rbreich|6383
grizzlyriverart|6425
anyway|1539
rickdicul|282
wytewzrdz|5652
tomarakh|4082
waiver|1742
looneyleft|4886
chain|6225
decemb|3077
ü§°|2028
clarifi|604
httpscovwaiweid|2484
‚úÖanti|5874
quisutdeu|2076
switch|2647
maga|918
flaw|3007
countri|85
crusad|1744
coke|4583
quinkydink|613
tsnsay|2176
chemistri|6073
consist|4520
shadow|5232
‚Å¶icrnih‚Å©|2122
ezralev|849
render|4482
bulk|5960
httpscootppbyqql|2975
cancer‚ù§Ô∏è|4581
pizza|5434
financ|5310
receptor|6707
instruct|4038
build|165
ron|2650
recruit|4679
kendollgenit|1987
httpscobqhgojnt|1793
baught|5893
govt|1016
fli|1772
campbel|5949
narr|1233
charleslcart|6332
piper|4209
httpscozayqrufro|5075
convinc|2017
httpscokmtoukekop|6029
httpscorpeojtbz|6466
httpscopisolvqmv|4843
multipl|1794
stupid|285
administr|1367
nyxkillpop|2957
kristin|1565
kathryn|4391
aris|3351
loss|2395
quackeri|5659
misgend|5446
supervis|760
theleadcnn|4450
cindyofthesouth|1950
prescrib|618
tranquil|5616
niacin|5882
mom|1004
rhetor|5165
johnnashear|3281
cdcdirector|6165
kasasaaz|892
topic|2033
dress|6352
recoveri|904
naturopath|2041
ghoron|3473
brad|3460
irregular|2075
weekli|2056
sloppi|6057
worm|520
ghostspiritbtf|3016
cmoengland|3563
jim|3360
üòú|4734
sugarplum|3391
unsourc|3851
crime|3367
drtoddle|3974
lynnp|4185
fluid|2236
wanna|2840
httpscozbtmnsi|5250
declar|1390
supposedli|4395
httpscowdscuoesq|6606
state|763
fair|5713
polit|2160
httpscoljmcxntk|2978
bookdr|2164
wasn|1006
achiev|6114
lower|4945
bs|1433
fleec|5540
plhartungrn|4242
bretweinstein|1873
brainwash|1947
bethmo|3135
alaska|6363
avail|221
doesnt|1231
simpli|2683
hair|3064
fawwqq|3634
santa|5721
hundr|3397
pepcid|2631
heartworm|4328
buturwrongtho|4926
psycholog|139
teacher|5867
patch|3495
faaaar|2338
serpent|4851
stanc|3848
russian|373
üí™üèª|4789
suspens|6200
lindamintun|6486
moxi|5895
broad|5100
httpscovbagqioyqi|1856
snobiwan|5986
profession|71
steveclarkpc|1606
american|1286
sponsor|1309
black|424
undoubtedli|1069
mectin|3728
arguabl|6516
calcul|1926
vodka|5690
paramount|4494
particip|300
bankruptci|921
usnavi|6163
hydroxychloreqiun|3932
insinu|2257
violat|5036
melbourn|4678
thankgodthatso|5999
fongafriend|3237
danielgerstein|5563
ozon|4129
shelettaisfunni|5698
malolisica|6069
organis|6204
jasonthehusk|5212
httpscoacqbcgmfi|3867
target|677
inlaw|6100
warrantonegirl|3896
liar|2578
execut|4695
quinacrin|6711
davidvielma|6207
httpscorguxtlk|1299
co|1310
httpscokxyharlc|6521
johnsonannitra|5085
flat|503
suffer|2463
sociopath|3982
trainer|4498
michellerehd|3926
rajafai|4833
consent|2485
conced|5549
casus|4024
parlor|5432
reptroynehl|5714
clayraymor|6396
hamhealthsci|5284
davidculpepp|931
jo|1357
manufactur|422
usurp|4696
wisehelen|5961
httpscoaigqxyqfnq|5573
sar|704
httpscohmoqgdaa|24
trump|925
xmonth|5194
allerg|4505
matthewhammi|4563
carvilledean|2993
loumoor|5415
censorship|741
guidanc|6132
nilli|6001
match|6075
tripe|6103
monti|4238
pattern|6085
topel|6361
discov|765
bad|1413
psychosi|756
existentialcom|4386
schellerken|5007
semisweet|2916
japan|2220
frontlin|6095
dmach|3543
jimmydor|5554
condescend|2321
antivaxantiremdesivir|2405
httpscovpdhxmtbv|5888
thr|3730
gang|2072
krebiozen|4248
httpscodagnunqv|118
sue|588
rich|1281
didnt|1971
albinohoodrat|4136
friday|1858
command|2928
jonathanturley|4975
authoris|1053
buckl|6236
your|2589
uv|1042
sermon|6401
exactli|2676
silverflyt|4331
serv|1593
soak|2224
lainieandharri|2943
humanltyo|3810
ongo|2219
scream|5682
remdosivir|2179
nick|4605
featur|2280
leg|2566
levin|3336
engin|5263
inpati|28
tie|3556
incarn|3879
dor|4776
incom|3171
evolv|2295
httpscopturhtxr|4551
doucetcheryl|5422
coverag|3219
spend|769
paycheck|2363
operationqu|775
critic|1967
nuchdig|2468
ministryoftruth|4638
phase|6767
languag|4845
üíâwasn|6673
fraiseadam|1054
publicwrong|6129
biggest|4510
allinwithchri|5798
map|107
integr|3622
eh|4566
pan|2103
depress|673
helenpark|130
lq|4229
asteadwesley|4448
rgdawg|3646
httpscozxtqsvitk|6194
propos|448
pillag|4742
beenhavingit|675
wrongli|1914
arthrit|617
misinfo|3197
phd|4062
gain|3164
rebeccalchri|6674
lose|1039
bannedlock|2388
ebolarabi|3399
packag|3693
unnecessarili|2372
yan|6145
kamel|4459
tomfitton|817
happili|842
outlin|1795
httpscocdpwsmzrx|6774
tylergr|2693
httpscoomhkmuafh|1927
rooftop|4796
hospic|5500
fenntunnel|3182
tierrahenson|1145
organ|432
üòÇ|4612
egypt|2781
launder|2151
hai|2550
duke|4714
pizzag|5995
ebola|1380
shutdown|5591
dish|4148
bromley|542
libtard|4099
rid|896
horror|6255
placebocontrol|2886
mattquantum|154
clean|6558
provid|1022
fring|5776
lifesit|2828
millionair|3933
brighamwomen|5277
help|50
po|169
mrsjr|5345
grim|3537
damhezi|2080
molsjam|3127
etcsupposedli|5642
test|137
commit|288
httpscoectbkzkmxr|4523
httpscowljaymhlhu|1571
weber|3725
flccc|2619
squash|2062
percentag|6549
foil|6159
doctorhenryct|838
promis|1073
httpscoejlglyvw|6030
despit|2374
gorillasuit|1649
httpscoodbzfrec|6527
httpscofkcpo|5170
pdellin|2844
hold|999
republican|1091
famou|5693
sens|1663
httpscoklydkqiouy|5712
httpscopfwsdvlj|6356
skyrocket|3996
dharmaletheia|6511
elderlyimmun|2768
relat|2821
irrelev|5167
fantast|781
dodgi|1501
amd|3905
isdatechtzo|2247
adthomz|5265
jimcognito|998
cobra|4853
wccoradio|5702
profess|1509
walenski|6341
apissedoffnurs|4769
newsom|2854
marktho|4231
immedi|3915
httpscoeytvozyzc|6494
infectio|1289
deborah|5266
tulsi|5880
ad|5146
lap|5325
hazelbazel|3129
malpracticeivermectin|5308
mischaracter|6512
existenti|6413
fk|2019
greed|2386
sawdust|2939
spot|3600
decid|2758
üòÜüòÜ|4609
hotmessconserv|2206
mistak|2454
nd|4045
consortium|5936
becstar|687
politicis|2968
extraordinarili|5929
resolv|3873
httpscotnfwbwmrf|6679
fatti|4139
larger|1783
gnomepigfac|1734
ezra|851
fourth|2662
drstevejam|2588
ecosystem|5505
ü§°üåé|3029
texa|3321
frontlineflash|714
expect|574
drefanzor|4790
httpscogeolqsff|537
adreyzen|1160
booküëá|3390
cesspool|6414
üëΩüòÇüëΩ|5544
twitter|58
dizzi|6063
brianschatz|2729
asusanchandl|5307
renew|55
pghwildlif|1400
httpscopprgqiqxd|6011
joint|6517
flare|1409
nolicensefordisinform|4155
nasal|3960
amannanbaig|5061
